"","ts_low_bd","ts_hi_bd","p_val","mn_phs","ocean"
"1",2,20,0.000999000999000999,1.49531370678775,"atl"
"2",2,20,0.000999000999000999,0.387118676310736,"atl"
"3",2,20,0.000999000999000999,3.07792324635526,"atl"
"4",2,20,0.000999000999000999,2.67732244048154,"atl"
"5",2,20,0.001998001998002,1.71330526317125,"atl"
"6",2,20,0.000999000999000999,-0.252963069048381,"atl"
"7",2,20,0.000999000999000999,0.804971103907148,"atl"
"8",2,20,0.000999000999000999,-0.305675917164507,"atl"
"9",2,20,0.000999000999000999,2.76449057936338,"atl"
"10",2,20,0.000999000999000999,1.44587702866272,"atl"
"11",2,20,0.000999000999000999,-0.118942390898856,"atl"
"12",2,20,0.000999000999000999,-0.580882991408926,"atl"
"13",2,20,0.000999000999000999,-1.04898336888559,"atl"
"14",2,20,0.000999000999000999,-3.07878201561679,"atl"
"15",2,20,0.000999000999000999,3.12988090966402,"atl"
"16",2,20,0.000999000999000999,2.20234852776697,"atl"
"17",2,20,0.000999000999000999,-2.22988366456597,"atl"
"18",2,20,0.000999000999000999,-2.61966498052831,"atl"
"19",2,20,0.001998001998002,-2.06217261632685,"atl"
"20",2,20,0.001998001998002,-2.86685558137343,"atl"
"21",2,20,0.002997002997003,-1.69428171885653,"atl"
"22",2,20,0.001998001998002,-1.14122374124789,"atl"
"23",2,20,0.000999000999000999,0.659129231449797,"atl"
"24",2,20,0.000999000999000999,1.12427938792761,"atl"
"25",2,20,0.000999000999000999,2.08119537061062,"atl"
"26",2,20,0.003996003996004,0.0258310870846842,"atl"
"27",2,20,0.000999000999000999,0.921967758662599,"atl"
"28",2,20,0.000999000999000999,1.29155509503522,"atl"
"29",2,20,0.000999000999000999,-2.77362347450597,"atl"
"30",2,20,0.001998001998002,0.63579641220951,"atl"
"31",2,20,0.000999000999000999,-0.110725600783131,"atl"
"32",2,20,0.001998001998002,-0.386214322917568,"atl"
"33",2,20,0.001998001998002,-1.56440405147264,"atl"
"34",2,20,0.000999000999000999,-3.05404337609568,"atl"
"35",2,20,0.000999000999000999,0.929271686561606,"atl"
"36",2,20,0.000999000999000999,0.917536203932432,"atl"
"37",2,20,0.001998001998002,2.5657659413064,"atl"
"38",2,20,0.000999000999000999,-1.82481555507687,"atl"
"39",2,20,0.002997002997003,0.467893000831164,"atl"
"40",2,20,0.001998001998002,-2.7344488664056,"atl"
"41",2,20,0.000999000999000999,-2.82816587382954,"atl"
"42",2,20,0.000999000999000999,0.947873475764586,"atl"
"43",2,20,0.001998001998002,2.97762459758829,"atl"
"44",2,20,0.001998001998002,-2.70869534927421,"atl"
"45",2,20,0.000999000999000999,1.63216287197274,"atl"
"46",2,20,0.001998001998002,2.30094336214726,"atl"
"47",2,20,0.000999000999000999,-2.31658455401551,"atl"
"48",2,20,0.000999000999000999,-1.9348923822836,"atl"
"49",2,20,0.000999000999000999,0.575800193533741,"atl"
"50",2,20,0.001998001998002,1.11084861169026,"atl"
"51",2,20,0.001998001998002,2.41794105945484,"atl"
"52",2,20,0.001998001998002,-0.805733434420695,"atl"
"53",2,20,0.000999000999000999,-1.30604593995886,"atl"
"54",2,20,0.000999000999000999,-3.0018133779447,"atl"
"55",2,20,0.000999000999000999,0.0377243416485207,"atl"
"56",2,20,0.000999000999000999,-0.223523959491419,"atl"
"57",2,20,0.001998001998002,-0.973727514656214,"atl"
"58",2,20,0.001998001998002,2.02486636667911,"atl"
"59",2,20,0.001998001998002,-0.553264157177,"atl"
"60",2,20,0.001998001998002,-3.06495659763583,"atl"
"61",2,20,0.001998001998002,-1.09565434742392,"atl"
"62",2,20,0.000999000999000999,1.86276383490882,"atl"
"63",2,20,0.000999000999000999,-0.386553255572373,"atl"
"64",2,20,0.000999000999000999,-0.0362407094824879,"atl"
"65",2,20,0.002997002997003,1.76055292456086,"atl"
"66",2,20,0.000999000999000999,1.73324030812715,"atl"
"67",2,20,0.000999000999000999,-1.16006389627391,"atl"
"68",2,20,0.002997002997003,2.57641420986467,"atl"
"69",2,20,0.000999000999000999,-1.04665659392502,"atl"
"70",2,20,0.000999000999000999,0.437969585741685,"atl"
"71",2,20,0.002997002997003,2.67949575848625,"atl"
"72",2,20,0.000999000999000999,-0.142878706137297,"atl"
"73",2,20,0.000999000999000999,-1.70405311598878,"atl"
"74",2,20,0.000999000999000999,-2.6327442203317,"atl"
"75",2,20,0.002997002997003,0.171795602206042,"atl"
"76",2,20,0.001998001998002,-0.469279593941206,"atl"
"77",2,20,0.000999000999000999,0.778295691556071,"atl"
"78",2,20,0.002997002997003,1.96611535898142,"atl"
"79",2,20,0.000999000999000999,0.676023516724732,"atl"
"80",2,20,0.002997002997003,2.62129199098818,"atl"
"81",2,20,0.000999000999000999,3.11973306879025,"atl"
"82",2,20,0.001998001998002,2.83149760636678,"atl"
"83",2,20,0.002997002997003,-1.4327059670332,"atl"
"84",2,20,0.000999000999000999,0.140230232351292,"atl"
"85",2,20,0.000999000999000999,-1.31440379006638,"atl"
"86",2,20,0.000999000999000999,-1.15206287601274,"atl"
"87",2,20,0.001998001998002,-0.895132769160692,"atl"
"88",2,20,0.001998001998002,-0.0398787853115116,"atl"
"89",2,20,0.000999000999000999,1.55231220781,"atl"
"90",2,20,0.000999000999000999,-2.32368359576583,"atl"
"91",2,20,0.000999000999000999,3.08795655249154,"atl"
"92",2,20,0.000999000999000999,0.508461013292289,"atl"
"93",2,20,0.000999000999000999,0.987107355313679,"atl"
"94",2,20,0.001998001998002,0.0421691862356996,"atl"
"95",2,20,0.000999000999000999,-1.80395653497461,"atl"
"96",2,20,0.002997002997003,-1.72364603066405,"atl"
"97",2,20,0.002997002997003,-1.39839642289937,"atl"
"98",2,20,0.001998001998002,0.365623939558777,"atl"
"99",2,20,0.001998001998002,-2.29103296270001,"atl"
"100",2,20,0.001998001998002,1.06304107382178,"atl"
"101",2,20,0.000999000999000999,0.467106942590314,"atl"
"102",2,20,0.000999000999000999,-2.49788373882237,"atl"
"103",2,20,0.002997002997003,-1.19724295623079,"atl"
"104",2,20,0.001998001998002,0.224439747271892,"atl"
"105",2,20,0.002997002997003,-1.31455074644541,"atl"
"106",2,20,0.000999000999000999,-1.1431446104908,"atl"
"107",2,20,0.000999000999000999,1.59910430918196,"atl"
"108",2,20,0.000999000999000999,0.52997370947454,"atl"
"109",2,20,0.000999000999000999,0.31114299110147,"atl"
"110",2,20,0.000999000999000999,0.185396458979861,"atl"
"111",2,20,0.002997002997003,-0.91556223307416,"atl"
"112",2,20,0.000999000999000999,-0.416981950724969,"atl"
"113",2,20,0.002997002997003,0.0341180738141266,"atl"
"114",2,20,0.000999000999000999,1.44283157029193,"atl"
"115",2,20,0.00699300699300699,-1.79760523016298,"atl"
"116",2,20,0.003996003996004,-0.793604165212055,"atl"
"117",2,20,0.000999000999000999,-2.22320949310888,"atl"
"118",2,20,0.004995004995005,-2.91966714803711,"atl"
"119",2,20,0.00599400599400599,-2.1674360619263,"atl"
"120",2,20,0.000999000999000999,-0.188683219114829,"atl"
"121",2,20,0.001998001998002,1.14788509413945,"atl"
"122",2,20,0.000999000999000999,-0.439283170373833,"atl"
"123",2,20,0.000999000999000999,-0.423673745968428,"atl"
"124",2,20,0.001998001998002,1.59478916299344,"atl"
"125",2,20,0.000999000999000999,-2.40667800807415,"atl"
"126",2,20,0.000999000999000999,-2.7892643284989,"atl"
"127",2,20,0.001998001998002,-2.37008354339551,"atl"
"128",2,20,0.000999000999000999,-0.00810478986338387,"atl"
"129",2,20,0.003996003996004,0.437656653189562,"atl"
"130",2,20,0.003996003996004,0.918328681251697,"atl"
"131",2,20,0.003996003996004,1.80623807255912,"atl"
"132",2,20,0.000999000999000999,-1.47935490093548,"atl"
"133",2,20,0.000999000999000999,-1.95804644373252,"atl"
"134",2,20,0.001998001998002,-1.41242227790879,"atl"
"135",2,20,0.00699300699300699,2.355760547825,"atl"
"136",2,20,0.000999000999000999,-1.66624612835238,"atl"
"137",2,20,0.00899100899100899,-0.954354920172694,"atl"
"138",2,20,0.000999000999000999,-0.346081442262258,"atl"
"139",2,20,0.000999000999000999,0.655005025179414,"atl"
"140",2,20,0.002997002997003,-2.79896144295825,"atl"
"141",2,20,0.002997002997003,-2.53983271350257,"atl"
"142",2,20,0.001998001998002,-2.88268466081832,"atl"
"143",2,20,0.000999000999000999,0.573532115889254,"atl"
"144",2,20,0.003996003996004,-0.851029528515562,"atl"
"145",2,20,0.000999000999000999,2.43699230704352,"atl"
"146",2,20,0.000999000999000999,-2.1797553444109,"atl"
"147",2,20,0.001998001998002,-2.14232230560941,"atl"
"148",2,20,0.000999000999000999,-0.23694376988025,"atl"
"149",2,20,0.000999000999000999,0.538210984047818,"atl"
"150",2,20,0.001998001998002,-3.02117388620654,"atl"
"151",2,20,0.000999000999000999,0.754004725616454,"atl"
"152",2,20,0.002997002997003,-0.758750925249565,"atl"
"153",2,20,0.000999000999000999,-1.47961228133324,"atl"
"154",2,20,0.000999000999000999,0.686147658597987,"atl"
"155",2,20,0.001998001998002,-2.93052589445255,"atl"
"156",2,20,0.001998001998002,0.259593316872261,"atl"
"157",2,20,0.001998001998002,-0.265807670771224,"atl"
"158",2,20,0.000999000999000999,-2.57073824839921,"atl"
"159",2,20,0.000999000999000999,1.6358681822462,"atl"
"160",2,20,0.002997002997003,3.02513728211774,"atl"
"161",2,20,0.000999000999000999,0.134481414265426,"atl"
"162",2,20,0.002997002997003,1.93108807953952,"atl"
"163",2,20,0.000999000999000999,1.69290346395745,"atl"
"164",2,20,0.001998001998002,-0.198078692955031,"atl"
"165",2,20,0.000999000999000999,0.206402915512182,"atl"
"166",2,20,0.001998001998002,-2.81316168189772,"atl"
"167",2,20,0.001998001998002,0.0743475656111264,"atl"
"168",2,20,0.000999000999000999,0.816755916182147,"atl"
"169",2,20,0.001998001998002,-0.0204877230588969,"atl"
"170",2,20,0.001998001998002,-1.52501850072483,"atl"
"171",2,20,0.000999000999000999,-0.209249125254275,"atl"
"172",2,20,0.003996003996004,0.0969285279155899,"atl"
"173",2,20,0.002997002997003,-1.08263117707458,"atl"
"174",2,20,0.000999000999000999,-2.74569758573507,"atl"
"175",2,20,0.000999000999000999,-0.637608550962794,"atl"
"176",2,20,0.000999000999000999,1.40845854347059,"atl"
"177",2,20,0.003996003996004,0.122940720442332,"atl"
"178",2,20,0.001998001998002,-0.600477798372411,"atl"
"179",2,20,0.001998001998002,0.848940514257096,"atl"
"180",2,20,0.001998001998002,-2.42831674985778,"atl"
"181",2,20,0.000999000999000999,-2.00529466286054,"atl"
"182",2,20,0.000999000999000999,2.51920027431075,"atl"
"183",2,20,0.003996003996004,-0.352168704260626,"atl"
"184",2,20,0.000999000999000999,2.40319471568911,"atl"
"185",2,20,0.002997002997003,1.74302300717499,"atl"
"186",2,20,0.010989010989011,-2.54001802166493,"atl"
"187",2,20,0.000999000999000999,1.33491235323982,"atl"
"188",2,20,0.004995004995005,-2.87607835444608,"atl"
"189",2,20,0.000999000999000999,-1.6273379536121,"atl"
"190",2,20,0.000999000999000999,1.67753557278158,"atl"
"191",2,20,0.000999000999000999,1.38528795534943,"atl"
"192",2,20,0.003996003996004,-2.08942013319596,"atl"
"193",2,20,0.000999000999000999,-2.03711444361506,"atl"
"194",2,20,0.000999000999000999,-0.00721696605039088,"atl"
"195",2,20,0.000999000999000999,0.736620359330904,"atl"
"196",2,20,0.003996003996004,0.402178493480639,"atl"
"197",2,20,0.001998001998002,-0.536878402095025,"atl"
"198",2,20,0.000999000999000999,2.06866189509238,"atl"
"199",2,20,0.001998001998002,-1.91661324882876,"atl"
"200",2,20,0.000999000999000999,-0.979125900550554,"atl"
"201",2,20,0.002997002997003,2.57209419588244,"atl"
"202",2,20,0.000999000999000999,0.183519779009283,"atl"
"203",2,20,0.001998001998002,2.88473177173638,"atl"
"204",2,20,0.000999000999000999,-0.220649032065834,"atl"
"205",2,20,0.002997002997003,0.245873231420288,"atl"
"206",2,20,0.003996003996004,1.72366431808948,"atl"
"207",2,20,0.001998001998002,0.521485150471091,"atl"
"208",2,20,0.000999000999000999,-3.1400002565101,"atl"
"209",2,20,0.004995004995005,-0.475542626739784,"atl"
"210",2,20,0.000999000999000999,-0.874683690409318,"atl"
"211",2,20,0.000999000999000999,-2.76587515989416,"atl"
"212",2,20,0.000999000999000999,0.0849713532111884,"atl"
"213",2,20,0.001998001998002,0.278080775486133,"atl"
"214",2,20,0.002997002997003,-0.000802391364908969,"atl"
"215",2,20,0.000999000999000999,0.0226530337772166,"atl"
"216",2,20,0.000999000999000999,1.20397827403493,"atl"
"217",2,20,0.004995004995005,1.3766850988807,"atl"
"218",2,20,0.000999000999000999,2.00856132874689,"atl"
"219",2,20,0.000999000999000999,-0.813369076162833,"atl"
"220",2,20,0.001998001998002,1.54950913947487,"atl"
"221",2,20,0.002997002997003,1.46141234492043,"atl"
"222",2,20,0.001998001998002,2.02117672097314,"atl"
"223",2,20,0.000999000999000999,-2.82522711730668,"atl"
"224",2,20,0.000999000999000999,-0.260448120462903,"atl"
"225",2,20,0.000999000999000999,1.05207140633929,"atl"
"226",2,20,0.001998001998002,-2.22404364654132,"atl"
"227",2,20,0.001998001998002,0.00698841111974043,"atl"
"228",2,20,0.000999000999000999,-0.362377222457889,"atl"
"229",2,20,0.001998001998002,2.35507690478598,"atl"
"230",2,20,0.000999000999000999,2.7465475199013,"atl"
"231",2,20,0.000999000999000999,0.15445047892327,"atl"
"232",2,20,0.001998001998002,1.79517491388207,"atl"
"233",2,20,0.000999000999000999,1.22355995625206,"atl"
"234",2,20,0.003996003996004,-0.142917972797968,"atl"
"235",2,20,0.000999000999000999,0.832885930417421,"atl"
"236",2,20,0.000999000999000999,-1.51445185017698,"atl"
"237",2,20,0.000999000999000999,-1.64072140453047,"atl"
"238",2,20,0.001998001998002,-0.131141270128148,"atl"
"239",2,20,0.000999000999000999,1.59115161915884,"atl"
"240",2,20,0.001998001998002,-2.13123103422929,"atl"
"241",2,20,0.000999000999000999,0.709280575450064,"atl"
"242",2,20,0.002997002997003,-1.50999156488306,"atl"
"243",2,20,0.001998001998002,0.178438542953915,"atl"
"244",2,20,0.001998001998002,-2.74377056792275,"atl"
"245",2,20,0.002997002997003,-1.73257572360998,"atl"
"246",2,20,0.001998001998002,-2.90293422577559,"atl"
"247",2,20,0.000999000999000999,2.47019334487363,"atl"
"248",2,20,0.000999000999000999,-1.96378703994634,"atl"
"249",2,20,0.001998001998002,-1.63383102014346,"atl"
"250",2,20,0.000999000999000999,-1.57272236136255,"atl"
"251",2,20,0.000999000999000999,-0.461363346180014,"atl"
"252",2,20,0.000999000999000999,0.214127645739397,"atl"
"253",2,20,0.00599400599400599,2.8176551046726,"atl"
"254",2,20,0.002997002997003,-2.46460028246872,"atl"
"255",2,20,0.000999000999000999,2.1089780259956,"atl"
"256",2,20,0.00699300699300699,1.01369410466897,"atl"
"257",2,20,0.002997002997003,1.49996583095856,"atl"
"258",2,20,0.00999000999000999,-2.4382483296019,"atl"
"259",2,20,0.001998001998002,0.825215400094177,"atl"
"260",2,20,0.002997002997003,-0.22319461872516,"atl"
"261",2,20,0.00699300699300699,-2.27676134781194,"atl"
"262",2,20,0.001998001998002,-0.81999350856577,"atl"
"263",2,20,0.001998001998002,1.96448929091277,"atl"
"264",2,20,0.001998001998002,0.906203683958132,"atl"
"265",2,20,0.002997002997003,-2.31139767116662,"atl"
"266",2,20,0.000999000999000999,2.28822857498729,"atl"
"267",2,20,0.003996003996004,2.85521602350722,"atl"
"268",2,20,0.000999000999000999,-0.226938128492424,"atl"
"269",2,20,0.000999000999000999,-0.0500904684868005,"atl"
"270",2,20,0.001998001998002,-1.44324501197237,"atl"
"271",2,20,0.000999000999000999,1.58426454921018,"atl"
"272",2,20,0.001998001998002,-1.5051416347546,"atl"
"273",2,20,0.000999000999000999,1.80839175129459,"atl"
"274",2,20,0.000999000999000999,0.506183097452616,"atl"
"275",2,20,0.000999000999000999,-2.63691886030797,"atl"
"276",2,20,0.003996003996004,0.812382555562414,"atl"
"277",2,20,0.001998001998002,-0.289851804458484,"atl"
"278",2,20,0.001998001998002,-3.05767273866912,"atl"
"279",2,20,0.000999000999000999,0.169309437256431,"atl"
"280",2,20,0.001998001998002,2.91182972920454,"atl"
"281",2,20,0.000999000999000999,-1.45487970510056,"atl"
"282",2,20,0.000999000999000999,1.54224468269545,"atl"
"283",2,20,0.000999000999000999,-0.153278457753261,"atl"
"284",2,20,0.001998001998002,0.245278418277149,"atl"
"285",2,20,0.000999000999000999,-1.76647376557475,"atl"
"286",2,20,0.002997002997003,-0.649805821795475,"atl"
"287",2,20,0.002997002997003,-0.972310513487951,"atl"
"288",2,20,0.000999000999000999,-2.52294195417857,"atl"
"289",2,20,0.004995004995005,-0.251961789249081,"atl"
"290",2,20,0.003996003996004,1.6110813379035,"atl"
"291",2,20,0.003996003996004,2.40716068392201,"atl"
"292",2,20,0.000999000999000999,0.971622951841557,"atl"
"293",2,20,0.00599400599400599,2.68815984377071,"atl"
"294",2,20,0.001998001998002,-1.59715215829384,"atl"
"295",2,20,0.000999000999000999,-0.59849809503368,"atl"
"296",2,20,0.003996003996004,1.60887579776709,"atl"
"297",2,20,0.000999000999000999,-0.932689098083484,"atl"
"298",2,20,0.000999000999000999,-0.846809851094471,"atl"
"299",2,20,0.001998001998002,-2.96922834644832,"atl"
"300",2,20,0.004995004995005,-1.12925547174625,"atl"
"301",2,20,0.001998001998002,0.186873599506748,"atl"
"302",2,20,0.000999000999000999,2.35807078015567,"atl"
"303",2,20,0.000999000999000999,-0.517585808590693,"atl"
"304",2,20,0.000999000999000999,0.13912614543558,"atl"
"305",2,20,0.000999000999000999,2.64351218885469,"atl"
"306",2,20,0.00699300699300699,2.81177938086007,"atl"
"307",2,20,0.003996003996004,2.65110651144486,"atl"
"308",2,20,0.001998001998002,-0.829017734831896,"atl"
"309",2,20,0.00599400599400599,-2.54320767232276,"atl"
"310",2,20,0.000999000999000999,-3.01901996031784,"atl"
"311",2,20,0.000999000999000999,-2.63245350972951,"atl"
"312",2,20,0.001998001998002,-0.960278448682628,"atl"
"313",2,20,0.002997002997003,-1.059787198785,"atl"
"314",2,20,0.000999000999000999,-2.6572881520547,"atl"
"315",2,20,0.000999000999000999,0.37527369817694,"atl"
"316",2,20,0.00599400599400599,-0.598091601958301,"atl"
"317",2,20,0.000999000999000999,-2.25299000024173,"atl"
"318",2,20,0.000999000999000999,-2.77474054855482,"atl"
"319",2,20,0.002997002997003,-0.298769383781492,"atl"
"320",2,20,0.000999000999000999,2.89773707604498,"atl"
"321",2,20,0.000999000999000999,1.25714389333135,"atl"
"322",2,20,0.001998001998002,-0.178130870910096,"atl"
"323",2,20,0.000999000999000999,1.0446601651641,"atl"
"324",2,20,0.000999000999000999,1.46848776779957,"atl"
"325",2,20,0.002997002997003,1.49588724202655,"atl"
"326",2,20,0.003996003996004,0.123561674526752,"atl"
"327",2,20,0.000999000999000999,-1.76117117260299,"atl"
"328",2,20,0.000999000999000999,1.64655147759683,"atl"
"329",2,20,0.000999000999000999,0.931416819114479,"atl"
"330",2,20,0.003996003996004,-2.34291033884251,"atl"
"331",2,20,0.000999000999000999,-1.44749853143837,"atl"
"332",2,20,0.00599400599400599,0.0370723830435813,"atl"
"333",2,20,0.001998001998002,1.66732543567456,"atl"
"334",2,20,0.001998001998002,-0.194027229556901,"atl"
"335",2,20,0.002997002997003,1.54750187358216,"atl"
"336",2,20,0.000999000999000999,-1.06786602764041,"atl"
"337",2,20,0.000999000999000999,1.77249726045434,"atl"
"338",2,20,0.001998001998002,-1.71054464728911,"atl"
"339",2,20,0.000999000999000999,-1.55337584170597,"atl"
"340",2,20,0.001998001998002,-0.00928086569115005,"atl"
"341",2,20,0.001998001998002,-1.66127645697742,"atl"
"342",2,20,0.003996003996004,-2.85010630463522,"atl"
"343",2,20,0.000999000999000999,-0.31565959998413,"atl"
"344",2,20,0.001998001998002,-0.125794652520007,"atl"
"345",2,20,0.001998001998002,-3.04864868883551,"atl"
"346",2,20,0.002997002997003,-1.61388847455955,"atl"
"347",2,20,0.001998001998002,2.59964169754973,"atl"
"348",2,20,0.000999000999000999,2.97783318796542,"atl"
"349",2,20,0.001998001998002,1.26707883358645,"atl"
"350",2,20,0.002997002997003,-1.71397016654431,"atl"
"351",2,20,0.001998001998002,2.21410113617311,"atl"
"352",2,20,0.001998001998002,2.89779882571637,"atl"
"353",2,20,0.001998001998002,-0.749623433187202,"atl"
"354",2,20,0.001998001998002,-1.17937241107136,"atl"
"355",2,20,0.00899100899100899,2.88471666024907,"atl"
"356",2,20,0.000999000999000999,-0.0881497330529331,"atl"
"357",2,20,0.003996003996004,-2.93495955793842,"atl"
"358",2,20,0.002997002997003,-1.53282892013574,"atl"
"359",2,20,0.000999000999000999,1.17434049468426,"atl"
"360",2,20,0.000999000999000999,-0.000674075401125052,"atl"
"361",2,20,0.000999000999000999,2.10237835259174,"atl"
"362",2,20,0.000999000999000999,-2.66866259350256,"atl"
"363",2,20,0.004995004995005,-0.787166066916204,"atl"
"364",2,20,0.000999000999000999,1.17650440536349,"atl"
"365",2,20,0.003996003996004,2.64627755368846,"atl"
"366",2,20,0.000999000999000999,0.118788148037522,"atl"
"367",2,20,0.000999000999000999,-0.00786649941193162,"atl"
"368",2,20,0.000999000999000999,1.71591930158935,"atl"
"369",2,20,0.003996003996004,-1.29793635021196,"atl"
"370",2,20,0.002997002997003,-0.23715831832732,"atl"
"371",2,20,0.001998001998002,-0.310578207106771,"atl"
"372",2,20,0.001998001998002,-1.42528963992647,"atl"
"373",2,20,0.000999000999000999,-2.56588669166992,"atl"
"374",2,20,0.000999000999000999,0.556331567818279,"atl"
"375",2,20,0.002997002997003,-2.77239614071646,"atl"
"376",2,20,0.000999000999000999,-2.04568413742696,"atl"
"377",2,20,0.000999000999000999,-2.92545162794558,"atl"
"378",2,20,0.000999000999000999,-1.48422656123916,"atl"
"379",2,20,0.000999000999000999,0.239014563293709,"atl"
"380",2,20,0.000999000999000999,1.02411828791093,"atl"
"381",2,20,0.000999000999000999,0.891635713190351,"atl"
"382",2,20,0.001998001998002,-0.0601750616405512,"atl"
"383",2,20,0.000999000999000999,0.0904892768377874,"atl"
"384",2,20,0.000999000999000999,1.47183094788155,"atl"
"385",2,20,0.00599400599400599,0.577880017443383,"atl"
"386",2,20,0.000999000999000999,1.89701798768544,"atl"
"387",2,20,0.000999000999000999,-0.828778669332585,"atl"
"388",2,20,0.000999000999000999,-2.51983711204825,"atl"
"389",2,20,0.00599400599400599,-0.130844123800018,"atl"
"390",2,20,0.004995004995005,2.76748962757201,"atl"
"391",2,20,0.002997002997003,0.533757993710564,"atl"
"392",2,20,0.001998001998002,-0.678134007293338,"atl"
"393",2,20,0.000999000999000999,2.7290420033834,"atl"
"394",2,20,0.000999000999000999,-1.49583486829771,"atl"
"395",2,20,0.000999000999000999,0.279198979385975,"atl"
"396",2,20,0.004995004995005,-0.17081656377636,"atl"
"397",2,20,0.001998001998002,2.93191899921596,"atl"
"398",2,20,0.001998001998002,-0.0446823911916965,"atl"
"399",2,20,0.00799200799200799,2.51227900174965,"atl"
"400",2,20,0.001998001998002,1.96233533850699,"atl"
"401",2,20,0.001998001998002,0.330775741894963,"atl"
"402",2,20,0.002997002997003,0.664266935551293,"atl"
"403",2,20,0.000999000999000999,0.109892118815688,"atl"
"404",2,20,0.000999000999000999,-0.525302571408478,"atl"
"405",2,20,0.002997002997003,0.803459466884432,"atl"
"406",2,20,0.002997002997003,1.21858490772293,"atl"
"407",2,20,0.001998001998002,0.933027634518855,"atl"
"408",2,20,0.00699300699300699,0.509137851497374,"atl"
"409",2,20,0.001998001998002,-0.340088678605682,"atl"
"410",2,20,0.000999000999000999,2.27130899955635,"atl"
"411",2,20,0.003996003996004,-0.122528732398556,"atl"
"412",2,20,0.000999000999000999,1.7609104858581,"atl"
"413",2,20,0.003996003996004,-2.33556594576898,"atl"
"414",2,20,0.002997002997003,2.53948821146976,"atl"
"415",2,20,0.001998001998002,0.210200681847186,"atl"
"416",2,20,0.003996003996004,-2.57370389215104,"atl"
"417",2,20,0.003996003996004,-2.98157418199392,"atl"
"418",2,20,0.000999000999000999,0.782252113513078,"atl"
"419",2,20,0.001998001998002,2.50615105912252,"atl"
"420",2,20,0.001998001998002,-2.60588214358123,"atl"
"421",2,20,0.000999000999000999,-2.82577408744732,"atl"
"422",2,20,0.001998001998002,-0.516551433739914,"atl"
"423",2,20,0.00999000999000999,-2.57979189416714,"atl"
"424",2,20,0.000999000999000999,-1.14455144555536,"atl"
"425",2,20,0.002997002997003,0.595779582033999,"atl"
"426",2,20,0.003996003996004,-0.475963645310315,"atl"
"427",2,20,0.002997002997003,0.440228813893492,"atl"
"428",2,20,0.001998001998002,-1.91989942690808,"atl"
"429",2,20,0.003996003996004,-0.123282920219768,"atl"
"430",2,20,0.003996003996004,2.24424216407228,"atl"
"431",2,20,0.000999000999000999,2.64769969228993,"atl"
"432",2,20,0.001998001998002,0.800243155691093,"atl"
"433",2,20,0.000999000999000999,1.26881025864538,"atl"
"434",2,20,0.000999000999000999,1.96292363164552,"atl"
"435",2,20,0.000999000999000999,-0.723434815008014,"atl"
"436",2,20,0.001998001998002,-0.295083390548483,"atl"
"437",2,20,0.000999000999000999,-2.49316707007995,"atl"
"438",2,20,0.001998001998002,-0.192792109346771,"atl"
"439",2,20,0.004995004995005,-2.17349114894947,"atl"
"440",2,20,0.000999000999000999,2.2237540493093,"atl"
"441",2,20,0.00699300699300699,-0.0430260206492408,"atl"
"442",2,20,0.000999000999000999,-0.330857902644968,"atl"
"443",2,20,0.000999000999000999,-0.351230019386403,"atl"
"444",2,20,0.000999000999000999,2.15969264133147,"atl"
"445",2,20,0.000999000999000999,-1.49442883596322,"atl"
"446",2,20,0.000999000999000999,-1.33814218544716,"atl"
"447",2,20,0.000999000999000999,2.08379979130122,"atl"
"448",2,20,0.000999000999000999,2.54361224339716,"atl"
"449",2,20,0.002997002997003,-0.0528260211749468,"atl"
"450",2,20,0.002997002997003,2.59785283090309,"atl"
"451",2,20,0.001998001998002,2.32605460335938,"atl"
"452",2,20,0.000999000999000999,-3.08149606560148,"atl"
"453",2,20,0.001998001998002,2.04803520179274,"atl"
"454",2,20,0.001998001998002,0.952743933977662,"atl"
"455",2,20,0.00699300699300699,-0.00580418617360981,"atl"
"456",2,20,0.002997002997003,2.8354301739028,"atl"
"457",2,20,0.00599400599400599,-1.42061377570484,"atl"
"458",2,20,0.000999000999000999,1.83427146661346,"atl"
"459",2,20,0.003996003996004,-0.420560694034861,"atl"
"460",2,20,0.000999000999000999,-1.60317028691423,"atl"
"461",2,20,0.000999000999000999,0.0568404897113848,"atl"
"462",2,20,0.000999000999000999,0.0996862456221902,"atl"
"463",2,20,0.000999000999000999,2.37022534860926,"atl"
"464",2,20,0.000999000999000999,0.140841426448237,"atl"
"465",2,20,0.003996003996004,1.79152732929284,"atl"
"466",2,20,0.001998001998002,-0.121237322930203,"atl"
"467",2,20,0.000999000999000999,2.38460629730462,"atl"
"468",2,20,0.000999000999000999,-0.546463895321009,"atl"
"469",2,20,0.001998001998002,0.82041208482252,"atl"
"470",2,20,0.002997002997003,-2.07207237340807,"atl"
"471",2,20,0.000999000999000999,2.45110939709841,"atl"
"472",2,20,0.002997002997003,2.19163381159008,"atl"
"473",2,20,0.001998001998002,-3.10244364270907,"atl"
"474",2,20,0.001998001998002,-1.5129200089402,"atl"
"475",2,20,0.001998001998002,-2.92783269066909,"atl"
"476",2,20,0.001998001998002,-2.66858519377601,"atl"
"477",2,20,0.001998001998002,-1.29635210923167,"atl"
"478",2,20,0.000999000999000999,2.48044158612544,"atl"
"479",2,20,0.000999000999000999,-0.18033402396264,"atl"
"480",2,20,0.000999000999000999,1.14985891622082,"atl"
"481",2,20,0.001998001998002,1.48189895971698,"atl"
"482",2,20,0.003996003996004,2.28437945634786,"atl"
"483",2,20,0.00599400599400599,1.48617991423775,"atl"
"484",2,20,0.000999000999000999,-1.28792132165442,"atl"
"485",2,20,0.000999000999000999,0.907448163071333,"atl"
"486",2,20,0.004995004995005,-1.49306786342055,"atl"
"487",2,20,0.001998001998002,0.425468679068508,"atl"
"488",2,20,0.002997002997003,-0.9744116674761,"atl"
"489",2,20,0.000999000999000999,-0.542133649132362,"atl"
"490",2,20,0.003996003996004,-1.59651834212913,"atl"
"491",2,20,0.000999000999000999,-2.2872829297291,"atl"
"492",2,20,0.000999000999000999,-2.71448920932151,"atl"
"493",2,20,0.002997002997003,0.189953361753197,"atl"
"494",2,20,0.002997002997003,-0.106451971697005,"atl"
"495",2,20,0.000999000999000999,-1.70456756134351,"atl"
"496",2,20,0.000999000999000999,3.1348274947503,"atl"
"497",2,20,0.001998001998002,0.17327654604029,"atl"
"498",2,20,0.000999000999000999,3.03079683419424,"atl"
"499",2,20,0.003996003996004,1.7309009220965,"atl"
"500",2,20,0.002997002997003,0.657767570351474,"atl"
"501",2,20,0.001998001998002,-1.28815459302909,"atl"
"502",2,20,0.000999000999000999,0.45787197119062,"atl"
"503",2,20,0.002997002997003,0.170523516690554,"atl"
"504",2,20,0.000999000999000999,0.219055429676713,"atl"
"505",2,20,0.000999000999000999,-2.63512649480393,"atl"
"506",2,20,0.000999000999000999,-2.08810310108556,"atl"
"507",2,20,0.002997002997003,-2.41923488172251,"atl"
"508",2,20,0.001998001998002,-0.991642669506575,"atl"
"509",2,20,0.00599400599400599,2.84759635460708,"atl"
"510",2,20,0.000999000999000999,0.391547136880572,"atl"
"511",2,20,0.003996003996004,-2.82902027673251,"atl"
"512",2,20,0.004995004995005,1.79540950707859,"atl"
"513",2,20,0.000999000999000999,0.0642291218308144,"atl"
"514",2,20,0.001998001998002,-1.55925214550174,"atl"
"515",2,20,0.000999000999000999,0.594935224395196,"atl"
"516",2,20,0.001998001998002,0.0374609001896384,"atl"
"517",2,20,0.000999000999000999,2.5038891896022,"atl"
"518",2,20,0.001998001998002,-0.170921356879755,"atl"
"519",2,20,0.000999000999000999,-1.05485862764359,"atl"
"520",2,20,0.002997002997003,0.308346401547439,"atl"
"521",2,20,0.004995004995005,-1.22269902833255,"atl"
"522",2,20,0.000999000999000999,2.1625042882993,"atl"
"523",2,20,0.002997002997003,0.152695383984955,"atl"
"524",2,20,0.000999000999000999,-2.67945525035293,"atl"
"525",2,20,0.002997002997003,3.14088192834194,"atl"
"526",2,20,0.000999000999000999,-1.6787179332322,"atl"
"527",2,20,0.001998001998002,2.76695405433343,"atl"
"528",2,20,0.001998001998002,-1.36204869635705,"atl"
"529",2,20,0.004995004995005,-1.37726511694469,"atl"
"530",2,20,0.002997002997003,2.10858508038973,"atl"
"531",2,20,0.000999000999000999,2.43276049162914,"atl"
"532",2,20,0.000999000999000999,-2.51195142322311,"atl"
"533",2,20,0.002997002997003,2.17171811624699,"atl"
"534",2,20,0.00699300699300699,0.14624962238761,"atl"
"535",2,20,0.000999000999000999,1.84177522102722,"atl"
"536",2,20,0.001998001998002,0.0289190514480075,"atl"
"537",2,20,0.003996003996004,-0.242408178302839,"atl"
"538",2,20,0.000999000999000999,-2.27862259209349,"atl"
"539",2,20,0.001998001998002,-0.0200476234216122,"atl"
"540",2,20,0.004995004995005,2.20975612106595,"atl"
"541",2,20,0.000999000999000999,1.13674643914015,"atl"
"542",2,20,0.002997002997003,-1.53760953278786,"atl"
"543",2,20,0.000999000999000999,-0.574270953056548,"atl"
"544",2,20,0.000999000999000999,0.210432451503037,"atl"
"545",2,20,0.000999000999000999,-1.44028532269695,"atl"
"546",2,20,0.004995004995005,0.944927430601215,"atl"
"547",2,20,0.000999000999000999,1.17313905298063,"atl"
"548",2,20,0.001998001998002,2.37432277861604,"atl"
"549",2,20,0.00699300699300699,-2.6243812347665,"atl"
"550",2,20,0.000999000999000999,-0.819396534171883,"atl"
"551",2,20,0.00599400599400599,0.500725246478805,"atl"
"552",2,20,0.000999000999000999,-0.657731082018478,"atl"
"553",2,20,0.003996003996004,1.04101442284436,"atl"
"554",2,20,0.000999000999000999,0.752345977294736,"atl"
"555",2,20,0.000999000999000999,1.55684848463475,"atl"
"556",2,20,0.002997002997003,0.228397502393356,"atl"
"557",2,20,0.000999000999000999,-0.0921472185436782,"atl"
"558",2,20,0.00599400599400599,-1.9063634569165,"atl"
"559",2,20,0.004995004995005,-0.601347405230117,"atl"
"560",2,20,0.003996003996004,2.80787022743244,"atl"
"561",2,20,0.000999000999000999,0.515526292375847,"atl"
"562",2,20,0.000999000999000999,-1.49924219803313,"atl"
"563",2,20,0.004995004995005,-0.325238237402894,"atl"
"564",2,20,0.000999000999000999,-0.453366687721755,"atl"
"565",2,20,0.002997002997003,0.276482199565122,"atl"
"566",2,20,0.001998001998002,-1.58595594000038,"atl"
"567",2,20,0.000999000999000999,1.2875198627643,"atl"
"568",2,20,0.002997002997003,-0.709873017423399,"atl"
"569",2,20,0.000999000999000999,-1.5004336776863,"atl"
"570",2,20,0.000999000999000999,-1.10594509417633,"atl"
"571",2,20,0.000999000999000999,-1.06109932993803,"atl"
"572",2,20,0.000999000999000999,-0.686360102482148,"atl"
"573",2,20,0.004995004995005,1.28917461705249,"atl"
"574",2,20,0.001998001998002,2.36598673078093,"atl"
"575",2,20,0.003996003996004,1.79692969395111,"atl"
"576",2,20,0.000999000999000999,-2.73098907821311,"atl"
"577",2,20,0.001998001998002,3.1175617018023,"atl"
"578",2,20,0.000999000999000999,-0.441981570208778,"atl"
"579",2,20,0.002997002997003,-2.63031250174161,"atl"
"580",2,20,0.004995004995005,2.85532865816652,"atl"
"581",2,20,0.000999000999000999,-2.32030959016231,"atl"
"582",2,20,0.000999000999000999,2.17121017816504,"atl"
"583",2,20,0.000999000999000999,0.676756999028306,"atl"
"584",2,20,0.000999000999000999,1.67663624012826,"atl"
"585",2,20,0.000999000999000999,0.214959730949107,"atl"
"586",2,20,0.000999000999000999,-0.644766938587547,"atl"
"587",2,20,0.000999000999000999,-1.39495098604986,"atl"
"588",2,20,0.003996003996004,0.11398399764098,"atl"
"589",2,20,0.003996003996004,0.455639207223066,"atl"
"590",2,20,0.001998001998002,2.79929255774838,"atl"
"591",2,20,0.001998001998002,2.5294716300939,"atl"
"592",2,20,0.001998001998002,2.95833341449333,"atl"
"593",2,20,0.002997002997003,-2.5824251159609,"atl"
"594",2,20,0.000999000999000999,2.49874172167537,"atl"
"595",2,20,0.001998001998002,2.88679023864786,"atl"
"596",2,20,0.000999000999000999,1.52126383171441,"atl"
"597",2,20,0.002997002997003,-0.764332795287822,"atl"
"598",2,20,0.002997002997003,-0.145928923615479,"atl"
"599",2,20,0.001998001998002,-1.64944918599423,"atl"
"600",2,20,0.002997002997003,0.297629728126994,"atl"
"601",2,20,0.00699300699300699,-3.08861275041676,"atl"
"602",2,20,0.000999000999000999,1.14304282572921,"atl"
"603",2,20,0.002997002997003,0.724743239740777,"atl"
"604",2,20,0.003996003996004,0.0538913120993586,"atl"
"605",2,20,0.000999000999000999,-0.303496898624204,"atl"
"606",2,20,0.000999000999000999,0.543283270703126,"atl"
"607",2,20,0.001998001998002,-0.357645935085581,"atl"
"608",2,20,0.001998001998002,1.37177459780878,"atl"
"609",2,20,0.000999000999000999,-1.09706774682319,"atl"
"610",2,20,0.000999000999000999,-0.614771878570015,"atl"
"611",2,20,0.000999000999000999,1.67395408736053,"atl"
"612",2,20,0.002997002997003,-3.09756287089608,"atl"
"613",2,20,0.000999000999000999,0.400900932648501,"atl"
"614",2,20,0.003996003996004,-2.94370448341713,"atl"
"615",2,20,0.000999000999000999,2.54169377205296,"atl"
"616",2,20,0.002997002997003,-0.443318741712515,"atl"
"617",2,20,0.004995004995005,-1.74198966775476,"atl"
"618",2,20,0.001998001998002,-1.79873899650286,"atl"
"619",2,20,0.000999000999000999,2.59251520612439,"atl"
"620",2,20,0.001998001998002,-1.70333457657774,"atl"
"621",2,20,0.001998001998002,1.17983766531176,"atl"
"622",2,20,0.001998001998002,0.180246269748852,"atl"
"623",2,20,0.003996003996004,1.34334525303231,"atl"
"624",2,20,0.000999000999000999,0.0144091273020537,"atl"
"625",2,20,0.000999000999000999,2.05057925412136,"atl"
"626",2,20,0.001998001998002,2.9196731215201,"atl"
"627",2,20,0.003996003996004,2.42315380736318,"atl"
"628",2,20,0.004995004995005,-1.7408019111904,"atl"
"629",2,20,0.001998001998002,0.0317842168293408,"atl"
"630",2,20,0.000999000999000999,0.14464676362538,"atl"
"631",2,20,0.000999000999000999,0.127387817126334,"atl"
"632",2,20,0.001998001998002,-2.82499277610029,"atl"
"633",2,20,0.004995004995005,-2.8417936305006,"atl"
"634",2,20,0.000999000999000999,1.64964188759046,"atl"
"635",2,20,0.000999000999000999,0.564182086231247,"atl"
"636",2,20,0.001998001998002,-0.575521142468123,"atl"
"637",2,20,0.00899100899100899,-0.490694918988424,"atl"
"638",2,20,0.000999000999000999,0.641611522858727,"atl"
"639",2,20,0.002997002997003,2.54526847725192,"atl"
"640",2,20,0.000999000999000999,-0.62042483500378,"atl"
"641",2,20,0.001998001998002,0.599527906015121,"atl"
"642",2,20,0.000999000999000999,2.05328085725375,"atl"
"643",2,20,0.000999000999000999,0.481752016981953,"atl"
"644",2,20,0.004995004995005,-0.040568325203067,"atl"
"645",2,20,0.004995004995005,0.531894241312254,"atl"
"646",2,20,0.000999000999000999,-2.15436721026468,"atl"
"647",2,20,0.002997002997003,-1.37955519627843,"atl"
"648",2,20,0.000999000999000999,-1.48733985865643,"atl"
"649",2,20,0.001998001998002,2.33287289998077,"atl"
"650",2,20,0.001998001998002,-1.19954801462926,"atl"
"651",2,20,0.001998001998002,1.82423529119236,"atl"
"652",2,20,0.003996003996004,-0.231304378517045,"atl"
"653",2,20,0.003996003996004,0.699010105467114,"atl"
"654",2,20,0.000999000999000999,1.98232203711351,"atl"
"655",2,20,0.004995004995005,-2.7910824823696,"atl"
"656",2,20,0.003996003996004,-1.38609465357436,"atl"
"657",2,20,0.00599400599400599,-1.40618335517762,"atl"
"658",2,20,0.001998001998002,2.89372797390404,"atl"
"659",2,20,0.002997002997003,-0.217488799411445,"atl"
"660",2,20,0.000999000999000999,2.69260479207438,"atl"
"661",2,20,0.001998001998002,-0.271988506531935,"atl"
"662",2,20,0.000999000999000999,3.11772218568664,"atl"
"663",2,20,0.00699300699300699,-2.55218065459218,"atl"
"664",2,20,0.000999000999000999,1.86019301051259,"atl"
"665",2,20,0.000999000999000999,-3.03430593604679,"atl"
"666",2,20,0.000999000999000999,1.02634040975443,"atl"
"667",2,20,0.000999000999000999,1.37800630633365,"atl"
"668",2,20,0.000999000999000999,1.94764373061147,"atl"
"669",2,20,0.001998001998002,-2.62980780485308,"atl"
"670",2,20,0.000999000999000999,0.241664446737334,"atl"
"671",2,20,0.003996003996004,-0.62134501660206,"atl"
"672",2,20,0.001998001998002,1.42490963687579,"atl"
"673",2,20,0.00599400599400599,2.52148260195936,"atl"
"674",2,20,0.001998001998002,2.89452978874733,"atl"
"675",2,20,0.002997002997003,-2.99165167702142,"atl"
"676",2,20,0.001998001998002,-2.67007773326291,"atl"
"677",2,20,0.001998001998002,0.370418907208047,"atl"
"678",2,20,0.000999000999000999,1.9770357743041,"atl"
"679",2,20,0.000999000999000999,1.63757713179094,"atl"
"680",2,20,0.000999000999000999,2.73422136025265,"atl"
"681",2,20,0.000999000999000999,-2.33897748086309,"atl"
"682",2,20,0.00799200799200799,2.64582552160308,"atl"
"683",2,20,0.001998001998002,1.20184551908128,"atl"
"684",2,20,0.004995004995005,1.27217793293037,"atl"
"685",2,20,0.001998001998002,-2.93971026976487,"atl"
"686",2,20,0.001998001998002,-2.011012727087,"atl"
"687",2,20,0.000999000999000999,-2.79440443445069,"atl"
"688",2,20,0.002997002997003,2.08969351437031,"atl"
"689",2,20,0.000999000999000999,-1.20856677664778,"atl"
"690",2,20,0.000999000999000999,-1.21048132908614,"atl"
"691",2,20,0.000999000999000999,1.13974067580649,"atl"
"692",2,20,0.001998001998002,-1.93399042265552,"atl"
"693",2,20,0.000999000999000999,-0.0201611970865153,"atl"
"694",2,20,0.001998001998002,-1.0410080001031,"atl"
"695",2,20,0.001998001998002,2.90389284118081,"atl"
"696",2,20,0.000999000999000999,-1.94378047867016,"atl"
"697",2,20,0.001998001998002,-2.78958636881771,"atl"
"698",2,20,0.000999000999000999,-2.74471153399568,"atl"
"699",2,20,0.001998001998002,3.07022617949835,"atl"
"700",2,20,0.000999000999000999,1.17903400352461,"atl"
"701",2,20,0.001998001998002,1.1605618245098,"atl"
"702",2,20,0.001998001998002,-1.04684608668113,"atl"
"703",2,20,0.004995004995005,1.26253272587308,"atl"
"704",2,20,0.001998001998002,-1.5027911867079,"atl"
"705",2,20,0.002997002997003,2.97294542129367,"atl"
"706",2,20,0.000999000999000999,1.57557279148493,"atl"
"707",2,20,0.000999000999000999,0.0221403661368163,"atl"
"708",2,20,0.001998001998002,-1.58584127866872,"atl"
"709",2,20,0.004995004995005,-2.25715700838399,"atl"
"710",2,20,0.001998001998002,-1.90065176463451,"atl"
"711",2,20,0.004995004995005,-2.3381998887836,"atl"
"712",2,20,0.003996003996004,1.81383606480225,"atl"
"713",2,20,0.000999000999000999,0.912991507531189,"atl"
"714",2,20,0.000999000999000999,-2.96422146196268,"atl"
"715",2,20,0.000999000999000999,-2.05410176075531,"atl"
"716",2,20,0.000999000999000999,-2.637854378889,"atl"
"717",2,20,0.001998001998002,2.42135359131547,"atl"
"718",2,20,0.000999000999000999,0.555085108654624,"atl"
"719",2,20,0.000999000999000999,1.79854774446996,"atl"
"720",2,20,0.000999000999000999,-0.01467968609443,"atl"
"721",2,20,0.002997002997003,-1.53087723247616,"atl"
"722",2,20,0.000999000999000999,2.48026481057347,"atl"
"723",2,20,0.000999000999000999,0.211818123813083,"atl"
"724",2,20,0.003996003996004,-3.1073498274271,"atl"
"725",2,20,0.000999000999000999,-0.231571210393319,"atl"
"726",2,20,0.002997002997003,1.39192622206414,"atl"
"727",2,20,0.003996003996004,-2.85058111943122,"atl"
"728",2,20,0.002997002997003,0.208010452358753,"atl"
"729",2,20,0.003996003996004,2.91995659405528,"atl"
"730",2,20,0.000999000999000999,2.90261713963981,"atl"
"731",2,20,0.001998001998002,-0.959254935086474,"atl"
"732",2,20,0.004995004995005,1.48650183717186,"atl"
"733",2,20,0.001998001998002,-1.81437363795194,"atl"
"734",2,20,0.002997002997003,0.291834443502121,"atl"
"735",2,20,0.001998001998002,0.997108842088872,"atl"
"736",2,20,0.000999000999000999,0.166533626804788,"atl"
"737",2,20,0.000999000999000999,3.06728581869397,"atl"
"738",2,20,0.000999000999000999,1.3103462325566,"atl"
"739",2,20,0.000999000999000999,2.3481623636618,"atl"
"740",2,20,0.001998001998002,-2.13934668841091,"atl"
"741",2,20,0.001998001998002,2.688915642574,"atl"
"742",2,20,0.00599400599400599,0.189494793113537,"atl"
"743",2,20,0.002997002997003,0.60726082526034,"atl"
"744",2,20,0.000999000999000999,-0.248650574122799,"atl"
"745",2,20,0.000999000999000999,-2.50153740113093,"atl"
"746",2,20,0.000999000999000999,-3.06878308037087,"atl"
"747",2,20,0.001998001998002,-2.66832946056649,"atl"
"748",2,20,0.003996003996004,-1.92004036436275,"atl"
"749",2,20,0.001998001998002,-0.564167442401628,"atl"
"750",2,20,0.001998001998002,-0.752711559104922,"atl"
"751",2,20,0.000999000999000999,0.378068094605272,"atl"
"752",2,20,0.00599400599400599,-1.29568695917918,"atl"
"753",2,20,0.001998001998002,-0.663329045658067,"atl"
"754",2,20,0.000999000999000999,3.03266560326102,"atl"
"755",2,20,0.000999000999000999,-3.13059874852249,"atl"
"756",2,20,0.00799200799200799,0.022443214814513,"atl"
"757",2,20,0.000999000999000999,-0.456580261914783,"atl"
"758",2,20,0.000999000999000999,0.738478865920578,"atl"
"759",2,20,0.000999000999000999,0.330287301124455,"atl"
"760",2,20,0.000999000999000999,-2.96097885878012,"atl"
"761",2,20,0.004995004995005,-0.177742016698225,"atl"
"762",2,20,0.001998001998002,3.00696994399664,"atl"
"763",2,20,0.012987012987013,0.68907846556698,"atl"
"764",2,20,0.000999000999000999,2.28148528899248,"atl"
"765",2,20,0.000999000999000999,-0.517440755994966,"atl"
"766",2,20,0.001998001998002,2.53149372727528,"atl"
"767",2,20,0.001998001998002,-1.60347323793303,"atl"
"768",2,20,0.000999000999000999,0.867154853018907,"atl"
"769",2,20,0.000999000999000999,0.566162779275333,"atl"
"770",2,20,0.002997002997003,-2.62897096490416,"atl"
"771",2,20,0.000999000999000999,2.60558566872869,"atl"
"772",2,20,0.004995004995005,0.829092248476581,"atl"
"773",2,20,0.002997002997003,-2.85821522366981,"atl"
"774",2,20,0.003996003996004,-1.02063768492114,"atl"
"775",2,20,0.003996003996004,0.523986866456298,"atl"
"776",2,20,0.000999000999000999,-2.8832314102159,"atl"
"777",2,20,0.000999000999000999,-1.31764971662157,"atl"
"778",2,20,0.001998001998002,-0.170176150644883,"atl"
"779",2,20,0.000999000999000999,-2.15305073081163,"atl"
"780",2,20,0.000999000999000999,0.862939744628308,"atl"
"781",2,20,0.001998001998002,1.338466261576,"atl"
"782",2,20,0.000999000999000999,-0.379253879258135,"atl"
"783",2,20,0.002997002997003,-1.30484637563544,"atl"
"784",2,20,0.000999000999000999,-2.75867825711852,"atl"
"785",2,20,0.000999000999000999,0.579146810446189,"atl"
"786",2,20,0.001998001998002,-1.01258720631402,"atl"
"787",2,20,0.004995004995005,1.25883891307447,"atl"
"788",2,20,0.001998001998002,-0.168712876162569,"atl"
"789",2,20,0.000999000999000999,0.346057530396768,"atl"
"790",2,20,0.000999000999000999,-0.490823445489105,"atl"
"791",2,20,0.000999000999000999,0.0618816297050452,"atl"
"792",2,20,0.000999000999000999,1.99648174617963,"atl"
"793",2,20,0.000999000999000999,2.3326424074928,"atl"
"794",2,20,0.001998001998002,-2.25296343261763,"atl"
"795",2,20,0.001998001998002,-3.10225859272159,"atl"
"796",2,20,0.000999000999000999,-1.35174168223458,"atl"
"797",2,20,0.00599400599400599,0.827030753971893,"atl"
"798",2,20,0.002997002997003,0.0757116837049897,"atl"
"799",2,20,0.000999000999000999,2.35774712631124,"atl"
"800",2,20,0.001998001998002,0.0797364619185684,"atl"
"801",2,20,0.000999000999000999,0.0847956444018907,"atl"
"802",2,20,0.001998001998002,2.91834849515,"atl"
"803",2,20,0.001998001998002,0.88702530905695,"atl"
"804",2,20,0.000999000999000999,-1.25473060378834,"atl"
"805",2,20,0.000999000999000999,2.64662680390788,"atl"
"806",2,20,0.004995004995005,0.74605110847865,"atl"
"807",2,20,0.002997002997003,0.810111413342261,"atl"
"808",2,20,0.000999000999000999,-2.00835976298231,"atl"
"809",2,20,0.000999000999000999,-1.73469079345846,"atl"
"810",2,20,0.000999000999000999,-0.641387979231209,"atl"
"811",2,20,0.000999000999000999,0.528464787234357,"atl"
"812",2,20,0.002997002997003,0.856577730558907,"atl"
"813",2,20,0.000999000999000999,0.0207539102512257,"atl"
"814",2,20,0.000999000999000999,0.516118435622652,"atl"
"815",2,20,0.000999000999000999,-0.331609561846354,"atl"
"816",2,20,0.003996003996004,-0.378643884612871,"atl"
"817",2,20,0.000999000999000999,0.633368684662365,"atl"
"818",2,20,0.002997002997003,0.570667817612559,"atl"
"819",2,20,0.001998001998002,-1.29415208781416,"atl"
"820",2,20,0.000999000999000999,-0.309064643859809,"atl"
"821",2,20,0.003996003996004,0.985671726792933,"atl"
"822",2,20,0.00599400599400599,0.606966119746605,"atl"
"823",2,20,0.001998001998002,0.492495500057092,"atl"
"824",2,20,0.000999000999000999,-2.8206490226296,"atl"
"825",2,20,0.002997002997003,1.03456884089952,"atl"
"826",2,20,0.000999000999000999,-0.51871220148888,"atl"
"827",2,20,0.000999000999000999,2.11831811703273,"atl"
"828",2,20,0.000999000999000999,-2.55638829464558,"atl"
"829",2,20,0.000999000999000999,-3.04116364645648,"atl"
"830",2,20,0.000999000999000999,0.735788010952441,"atl"
"831",2,20,0.000999000999000999,1.01933265030489,"atl"
"832",2,20,0.000999000999000999,-0.0475805419763898,"atl"
"833",2,20,0.000999000999000999,-0.794873974776656,"atl"
"834",2,20,0.000999000999000999,0.811747950376957,"atl"
"835",2,20,0.001998001998002,-2.28867465847555,"atl"
"836",2,20,0.000999000999000999,-1.16289654824484,"atl"
"837",2,20,0.002997002997003,-1.92934813853322,"atl"
"838",2,20,0.001998001998002,0.772720328197434,"atl"
"839",2,20,0.000999000999000999,0.494989861200028,"atl"
"840",2,20,0.000999000999000999,-2.71568741730168,"atl"
"841",2,20,0.000999000999000999,-1.80626312074716,"atl"
"842",2,20,0.002997002997003,1.23181235871798,"atl"
"843",2,20,0.002997002997003,-2.12638367727144,"atl"
"844",2,20,0.000999000999000999,0.00375254599977647,"atl"
"845",2,20,0.000999000999000999,-2.69710087397151,"atl"
"846",2,20,0.000999000999000999,0.51578014080176,"atl"
"847",2,20,0.000999000999000999,0.00884825303378107,"atl"
"848",2,20,0.004995004995005,2.34958421961139,"atl"
"849",2,20,0.000999000999000999,0.931416347319888,"atl"
"850",2,20,0.000999000999000999,-1.02550750082666,"atl"
"851",2,20,0.001998001998002,-0.314010454697188,"atl"
"852",2,20,0.000999000999000999,0.155688682728176,"atl"
"853",2,20,0.000999000999000999,-1.63011063087676,"atl"
"854",2,20,0.001998001998002,1.78441054273957,"atl"
"855",2,20,0.000999000999000999,0.990561179982176,"atl"
"856",2,20,0.000999000999000999,-2.12193839144561,"atl"
"857",2,20,0.000999000999000999,0.709295455455671,"atl"
"858",2,20,0.000999000999000999,1.40714993618987,"atl"
"859",2,20,0.000999000999000999,-1.30783741044777,"atl"
"860",2,20,0.000999000999000999,-2.69907743233418,"atl"
"861",2,20,0.004995004995005,-1.45119378799651,"atl"
"862",2,20,0.001998001998002,-1.59501698500844,"atl"
"863",2,20,0.000999000999000999,0.387027100672142,"atl"
"864",2,20,0.000999000999000999,1.25536782415082,"atl"
"865",2,20,0.000999000999000999,2.80494426249387,"atl"
"866",2,20,0.000999000999000999,0.0178443997436278,"atl"
"867",2,20,0.001998001998002,2.4845095652433,"atl"
"868",2,20,0.001998001998002,3.05641712691412,"atl"
"869",2,20,0.000999000999000999,-0.537575792855084,"atl"
"870",2,20,0.000999000999000999,-1.12520147966527,"atl"
"871",2,20,0.001998001998002,2.8885626448617,"atl"
"872",2,20,0.000999000999000999,0.30240228668155,"atl"
"873",2,20,0.000999000999000999,-1.43273263548552,"atl"
"874",2,20,0.000999000999000999,1.49096266140867,"atl"
"875",2,20,0.000999000999000999,1.85910549730279,"atl"
"876",2,20,0.001998001998002,1.23639552352882,"atl"
"877",2,20,0.001998001998002,1.98858461558013,"atl"
"878",2,20,0.000999000999000999,-0.0445151960134094,"ind"
"879",2,20,0.000999000999000999,0.192430505726108,"ind"
"880",2,20,0.000999000999000999,-0.107535563729719,"ind"
"881",2,20,0.000999000999000999,0.170393786980365,"ind"
"882",2,20,0.000999000999000999,-0.0117872782279038,"ind"
"883",2,20,0.000999000999000999,-0.25681886850144,"ind"
"884",2,20,0.000999000999000999,-2.63500265691801,"ind"
"885",2,20,0.000999000999000999,0.131086863114839,"ind"
"886",2,20,0.000999000999000999,-1.03148690256404,"ind"
"887",2,20,0.000999000999000999,0.508084194466,"ind"
"888",2,20,0.001998001998002,-0.539823236066615,"ind"
"889",2,20,0.000999000999000999,0.50868737673984,"ind"
"890",2,20,0.000999000999000999,-0.131277267550904,"ind"
"891",2,20,0.002997002997003,-0.528315032690513,"ind"
"892",2,20,0.000999000999000999,0.0148582708851367,"ind"
"893",2,20,0.000999000999000999,-1.13676060449333,"ind"
"894",2,20,0.000999000999000999,0.397483690904293,"ind"
"895",2,20,0.000999000999000999,-0.830394042575009,"ind"
"896",2,20,0.001998001998002,0.734857966249615,"ind"
"897",2,20,0.003996003996004,-0.163340704087151,"ind"
"898",2,20,0.000999000999000999,-1.33306871474088,"ind"
"899",2,20,0.002997002997003,-0.751030684239639,"ind"
"900",2,20,0.000999000999000999,-0.147637548598859,"ind"
"901",2,20,0.000999000999000999,-0.644628162046093,"ind"
"902",2,20,0.000999000999000999,0.270821180857874,"ind"
"903",2,20,0.000999000999000999,-0.00945147768576895,"ind"
"904",2,20,0.00599400599400599,-0.683161049364754,"ind"
"905",2,20,0.001998001998002,-0.167511559330868,"ind"
"906",2,20,0.000999000999000999,2.49087721527179,"ind"
"907",2,20,0.000999000999000999,-0.825371113194502,"ind"
"908",2,20,0.000999000999000999,-1.98394498738527,"ind"
"909",2,20,0.002997002997003,-0.348871035379183,"ind"
"910",2,20,0.000999000999000999,0.219598932085589,"ind"
"911",2,20,0.000999000999000999,-0.00780050023439587,"ind"
"912",2,20,0.000999000999000999,0.269379041797135,"ind"
"913",2,20,0.000999000999000999,-2.86474369274384,"ind"
"914",2,20,0.000999000999000999,-0.00617310450629654,"ind"
"915",2,20,0.000999000999000999,2.37938235750906,"ind"
"916",2,20,0.001998001998002,-1.00713240180706,"ind"
"917",2,20,0.000999000999000999,-2.00393878381302,"ind"
"918",2,20,0.002997002997003,-0.444274085199572,"ind"
"919",2,20,0.000999000999000999,-0.201930708653442,"ind"
"920",2,20,0.001998001998002,-2.97633614709858,"ind"
"921",2,20,0.000999000999000999,0.283842810822725,"ind"
"922",2,20,0.004995004995005,-0.495093706095474,"ind"
"923",2,20,0.000999000999000999,-0.472589271135484,"ind"
"924",2,20,0.000999000999000999,-1.96102896951087,"ind"
"925",2,20,0.001998001998002,0.36112203451985,"ind"
"926",2,20,0.001998001998002,0.205768755054332,"ind"
"927",2,20,0.000999000999000999,-0.000324607936558967,"ind"
"928",2,20,0.000999000999000999,1.05347665548049,"ind"
"929",2,20,0.002997002997003,2.71126687052902,"ind"
"930",2,20,0.003996003996004,1.99307317612021,"ind"
"931",2,20,0.000999000999000999,-1.42680317970498,"ind"
"932",2,20,0.000999000999000999,0.0299011105339261,"ind"
"933",2,20,0.001998001998002,-0.0268000879805367,"ind"
"934",2,20,0.000999000999000999,-1.53373061132828,"ind"
"935",2,20,0.001998001998002,-2.03250787028691,"ind"
"936",2,20,0.000999000999000999,0.361747774650266,"ind"
"937",2,20,0.002997002997003,1.47035539051666,"ind"
"938",2,20,0.003996003996004,0.448834361383846,"ind"
"939",2,20,0.001998001998002,-2.31960593931453,"ind"
"940",2,20,0.003996003996004,-0.210463393911346,"ind"
"941",2,20,0.000999000999000999,-2.92466276813009,"ind"
"942",2,20,0.000999000999000999,-1.39894193830509,"ind"
"943",2,20,0.002997002997003,-0.558612969414428,"ind"
"944",2,20,0.002997002997003,-1.31884313327206,"ind"
"945",2,20,0.00699300699300699,0.0754737845366515,"ind"
"946",2,20,0.004995004995005,0.126980075447511,"ind"
"947",2,20,0.001998001998002,-0.269139455341428,"ind"
"948",2,20,0.004995004995005,0.206852827292311,"ind"
"949",2,20,0.000999000999000999,-0.205355801960553,"ind"
"950",2,20,0.001998001998002,0.311997621389565,"ind"
"951",2,20,0.000999000999000999,-0.447596753156282,"ind"
"952",2,20,0.002997002997003,-0.212701544531044,"ind"
"953",2,20,0.000999000999000999,-0.387718674557674,"ind"
"954",2,20,0.002997002997003,-2.62949572505945,"ind"
"955",2,20,0.00899100899100899,2.39152913079529,"ind"
"956",2,20,0.001998001998002,0.0077021730153382,"ind"
"957",2,20,0.002997002997003,-1.12226870262994,"ind"
"958",2,20,0.000999000999000999,0.0512360868008442,"ind"
"959",2,20,0.000999000999000999,-0.355914575829687,"ind"
"960",2,20,0.001998001998002,-2.45099107199781,"ind"
"961",2,20,0.00599400599400599,-2.02155958145365,"ind"
"962",2,20,0.000999000999000999,0.609201838829437,"ind"
"963",2,20,0.000999000999000999,0.0317303604475408,"ind"
"964",2,20,0.001998001998002,2.88240576866752,"ind"
"965",2,20,0.003996003996004,-2.87906296517034,"ind"
"966",2,20,0.000999000999000999,-1.42804050762026,"ind"
"967",2,20,0.002997002997003,-1.38768955273633,"ind"
"968",2,20,0.011988011988012,-2.72560733127356,"ind"
"969",2,20,0.000999000999000999,0.0271402873363521,"ind"
"970",2,20,0.000999000999000999,-3.09520257954364,"ind"
"971",2,20,0.000999000999000999,-2.14000693805332,"ind"
"972",2,20,0.000999000999000999,-0.692872640778826,"ind"
"973",2,20,0.001998001998002,-0.480371609183203,"ind"
"974",2,20,0.000999000999000999,-0.386319879865741,"ind"
"975",2,20,0.000999000999000999,-1.86717577809213,"ind"
"976",2,20,0.000999000999000999,-1.54391857950231,"ind"
"977",2,20,0.001998001998002,-1.78312365920545,"ind"
"978",2,20,0.001998001998002,-0.727765048592211,"ind"
"979",2,20,0.002997002997003,-0.870393951821069,"ind"
"980",2,20,0.004995004995005,0.075189688130073,"ind"
"981",2,20,0.002997002997003,-0.227057641067662,"ind"
"982",2,20,0.000999000999000999,-1.46369410510894,"ind"
"983",2,20,0.000999000999000999,0.994417166173598,"ind"
"984",2,20,0.000999000999000999,1.1962570906482,"ind"
"985",2,20,0.000999000999000999,0.234841066126241,"ind"
"986",2,20,0.000999000999000999,-1.00538699139613,"ind"
"987",2,20,0.001998001998002,-3.0224340039319,"ind"
"988",2,20,0.002997002997003,-1.49574976711339,"ind"
"989",2,20,0.004995004995005,2.34925791782668,"ind"
"990",2,20,0.000999000999000999,-0.970883582622354,"ind"
"991",2,20,0.001998001998002,-0.50967025821367,"ind"
"992",2,20,0.000999000999000999,1.69666403327864,"ind"
"993",2,20,0.000999000999000999,0.738253090895717,"ind"
"994",2,20,0.00799200799200799,0.638979962561262,"ind"
"995",2,20,0.001998001998002,-2.77402443106037,"ind"
"996",2,20,0.000999000999000999,2.5069936571021,"ind"
"997",2,20,0.000999000999000999,-1.41538836760804,"ind"
"998",2,20,0.000999000999000999,-2.08397261455541,"ind"
"999",2,20,0.000999000999000999,-0.0689068395662649,"ind"
"1000",2,20,0.00799200799200799,1.73072411043189,"ind"
"1001",2,20,0.001998001998002,0.160142303904746,"ind"
"1002",2,20,0.000999000999000999,-2.74289791248154,"ind"
"1003",2,20,0.000999000999000999,-3.12900609333198,"ind"
"1004",2,20,0.00999000999000999,1.05770275207709,"ind"
"1005",2,20,0.000999000999000999,-0.213128355986728,"pac"
"1006",2,20,0.000999000999000999,0.0173358446265679,"pac"
"1007",2,20,0.000999000999000999,-0.172878628313414,"pac"
"1008",2,20,0.000999000999000999,-0.106524926957257,"pac"
"1009",2,20,0.000999000999000999,-0.502395014140011,"pac"
"1010",2,20,0.000999000999000999,-0.0463772839265718,"pac"
"1011",2,20,0.000999000999000999,0.163125015747531,"pac"
"1012",2,20,0.000999000999000999,2.93546868828201,"pac"
"1013",2,20,0.000999000999000999,2.36232276962359,"pac"
"1014",2,20,0.000999000999000999,-2.43876601827446,"pac"
"1015",2,20,0.001998001998002,-0.812325984088927,"pac"
"1016",2,20,0.000999000999000999,2.86117337094572,"pac"
"1017",2,20,0.000999000999000999,-2.434948018908,"pac"
"1018",2,20,0.000999000999000999,2.5041636201139,"pac"
"1019",2,20,0.000999000999000999,0.402193691782317,"pac"
"1020",2,20,0.000999000999000999,-0.106264945436972,"pac"
"1021",2,20,0.000999000999000999,0.966956816897847,"pac"
"1022",2,20,0.000999000999000999,-0.248384378170141,"pac"
"1023",2,20,0.000999000999000999,-0.262923323565137,"pac"
"1024",2,20,0.004995004995005,-0.990104535767632,"pac"
"1025",2,20,0.000999000999000999,1.25941937321952,"pac"
"1026",2,20,0.000999000999000999,-0.369150317654182,"pac"
"1027",2,20,0.000999000999000999,-0.487650102596477,"pac"
"1028",2,20,0.001998001998002,-1.15094735340198,"pac"
"1029",2,20,0.000999000999000999,-0.713130898565714,"pac"
"1030",2,20,0.000999000999000999,0.0496513823040882,"pac"
"1031",2,20,0.000999000999000999,-0.76594575862121,"pac"
"1032",2,20,0.000999000999000999,2.75577514801581,"pac"
"1033",2,20,0.001998001998002,0.340143518080281,"pac"
"1034",2,20,0.000999000999000999,-1.90787731249099,"pac"
"1035",2,20,0.001998001998002,2.51734819350522,"pac"
"1036",2,20,0.000999000999000999,2.24773278880326,"pac"
"1037",2,20,0.000999000999000999,-0.468792295518042,"pac"
"1038",2,20,0.000999000999000999,1.60882460200259,"pac"
"1039",2,20,0.001998001998002,2.22619263336587,"pac"
"1040",2,20,0.002997002997003,-1.0524498751107,"pac"
"1041",2,20,0.001998001998002,1.31556666115397,"pac"
"1042",2,20,0.000999000999000999,-1.13701691857739,"pac"
"1043",2,20,0.000999000999000999,-2.56910181528123,"pac"
"1044",2,20,0.000999000999000999,3.07952869975845,"pac"
"1045",2,20,0.000999000999000999,-1.85178973557395,"pac"
"1046",2,20,0.000999000999000999,1.65411568165864,"pac"
"1047",2,20,0.000999000999000999,0.0296052368778058,"pac"
"1048",2,20,0.001998001998002,-1.05922938526427,"pac"
"1049",2,20,0.000999000999000999,-0.501511175852044,"pac"
"1050",2,20,0.000999000999000999,1.4321154915348,"pac"
"1051",2,20,0.000999000999000999,-0.077189835179004,"pac"
"1052",2,20,0.001998001998002,0.861893082383646,"pac"
"1053",2,20,0.000999000999000999,-3.08662716302079,"pac"
"1054",2,20,0.002997002997003,-0.212550708252703,"pac"
"1055",2,20,0.000999000999000999,1.58205711294354,"pac"
"1056",2,20,0.000999000999000999,0.36085607359514,"pac"
"1057",2,20,0.000999000999000999,2.30942956508295,"pac"
"1058",2,20,0.001998001998002,2.27805360350516,"pac"
"1059",2,20,0.000999000999000999,-2.41435251842744,"pac"
"1060",2,20,0.000999000999000999,-3.02402213552424,"pac"
"1061",2,20,0.000999000999000999,-0.150507133429656,"pac"
"1062",2,20,0.000999000999000999,-0.0239630667554805,"pac"
"1063",2,20,0.000999000999000999,-2.9982012001967,"pac"
"1064",2,20,0.000999000999000999,1.26126212109885,"pac"
"1065",2,20,0.000999000999000999,0.246181117640662,"pac"
"1066",2,20,0.000999000999000999,3.04867697803597,"pac"
"1067",2,20,0.000999000999000999,-0.345208868268831,"pac"
"1068",2,20,0.000999000999000999,2.62000450253881,"pac"
"1069",2,20,0.001998001998002,-2.95905452656335,"pac"
"1070",2,20,0.000999000999000999,-1.05132444363315,"pac"
"1071",2,20,0.000999000999000999,2.97449646837889,"pac"
"1072",2,20,0.000999000999000999,0.373123030863626,"pac"
"1073",2,20,0.000999000999000999,3.08484990386883,"pac"
"1074",2,20,0.000999000999000999,0.177093278724802,"pac"
"1075",2,20,0.000999000999000999,0.105250373068335,"pac"
"1076",2,20,0.001998001998002,-1.90318425637904,"pac"
"1077",2,20,0.000999000999000999,-1.48054070207381,"pac"
"1078",2,20,0.000999000999000999,0.309392532836169,"pac"
"1079",2,20,0.002997002997003,-0.25687107569532,"pac"
"1080",2,20,0.000999000999000999,-2.92395733119833,"pac"
"1081",2,20,0.000999000999000999,0.253218466333243,"pac"
"1082",2,20,0.000999000999000999,0.454911386881652,"pac"
"1083",2,20,0.000999000999000999,-2.99266323816614,"pac"
"1084",2,20,0.000999000999000999,0.204914104979746,"pac"
"1085",2,20,0.001998001998002,2.43252832782529,"pac"
"1086",2,20,0.001998001998002,1.86136055300107,"pac"
"1087",2,20,0.000999000999000999,-1.69444734833129,"pac"
"1088",2,20,0.000999000999000999,-1.19540178586404,"pac"
"1089",2,20,0.000999000999000999,2.17542436819243,"pac"
"1090",2,20,0.000999000999000999,-0.326917539280126,"pac"
"1091",2,20,0.003996003996004,0.476399135777969,"pac"
"1092",2,20,0.000999000999000999,-2.88430293064594,"pac"
"1093",2,20,0.000999000999000999,0.277666809154079,"pac"
"1094",2,20,0.000999000999000999,-0.843116356538275,"pac"
"1095",2,20,0.000999000999000999,0.668376291842257,"pac"
"1096",2,20,0.001998001998002,-0.688261068887409,"pac"
"1097",2,20,0.001998001998002,0.141638963356863,"pac"
"1098",2,20,0.002997002997003,-0.0704866614024876,"pac"
"1099",2,20,0.001998001998002,-0.596493610878746,"pac"
"1100",2,20,0.000999000999000999,-2.5436674353982,"pac"
"1101",2,20,0.000999000999000999,0.207282455350621,"pac"
"1102",2,20,0.000999000999000999,0.135686514175298,"pac"
"1103",2,20,0.000999000999000999,1.05050139610958,"pac"
"1104",2,20,0.000999000999000999,-2.91156588032333,"pac"
"1105",2,20,0.000999000999000999,-1.01597790513494,"pac"
"1106",2,20,0.001998001998002,1.27049893444902,"pac"
"1107",2,20,0.000999000999000999,0.82915781515859,"pac"
"1108",2,20,0.000999000999000999,0.987171085334145,"pac"
"1109",2,20,0.000999000999000999,-3.13919982640659,"pac"
"1110",2,20,0.000999000999000999,-2.95903429429384,"pac"
"1111",2,20,0.000999000999000999,-1.4328990376795,"pac"
"1112",2,20,0.001998001998002,0.000247771265733162,"pac"
"1113",2,20,0.002997002997003,-0.736984606952752,"pac"
"1114",2,20,0.000999000999000999,-0.122725724446269,"pac"
"1115",2,20,0.000999000999000999,-1.15688410475768,"pac"
"1116",2,20,0.001998001998002,0.0597407921437618,"pac"
"1117",2,20,0.000999000999000999,0.571800202333355,"pac"
"1118",2,20,0.000999000999000999,-3.05349041074311,"pac"
"1119",2,20,0.001998001998002,2.63588755335519,"pac"
"1120",2,20,0.000999000999000999,-0.0788978706886097,"pac"
"1121",2,20,0.000999000999000999,-1.7731306359016,"pac"
"1122",2,20,0.000999000999000999,2.06221478726769,"pac"
"1123",2,20,0.000999000999000999,2.77511389757777,"pac"
"1124",2,20,0.000999000999000999,-0.208744704869097,"pac"
"1125",2,20,0.000999000999000999,1.03403212991313,"pac"
"1126",2,20,0.000999000999000999,1.07588445731417,"pac"
"1127",2,20,0.000999000999000999,-0.0674780313709445,"pac"
"1128",2,20,0.000999000999000999,1.49405397578653,"pac"
"1129",2,20,0.003996003996004,-0.452107530935045,"pac"
"1130",2,20,0.001998001998002,-2.12384003611946,"pac"
"1131",2,20,0.000999000999000999,-1.00883813053345,"pac"
"1132",2,20,0.000999000999000999,0.192622855138149,"pac"
"1133",2,20,0.003996003996004,-2.42361338372744,"pac"
"1134",2,20,0.000999000999000999,2.67851111727595,"pac"
"1135",2,20,0.004995004995005,-0.957150796290506,"pac"
"1136",2,20,0.000999000999000999,0.771358564632915,"pac"
"1137",2,20,0.000999000999000999,1.65624104824438,"pac"
"1138",2,20,0.004995004995005,-2.55679854208418,"pac"
"1139",2,20,0.000999000999000999,0.771735719729215,"pac"
"1140",2,20,0.000999000999000999,1.32280682518947,"pac"
"1141",2,20,0.002997002997003,-0.0456720091916557,"pac"
"1142",2,20,0.000999000999000999,0.108266056996536,"pac"
"1143",2,20,0.001998001998002,-0.0409728117827295,"pac"
"1144",2,20,0.000999000999000999,-2.96414156932886,"pac"
"1145",2,20,0.001998001998002,1.6063339831914,"pac"
"1146",2,20,0.00699300699300699,-2.23722577231548,"pac"
"1147",2,20,0.003996003996004,0.481582056491708,"pac"
"1148",2,20,0.003996003996004,0.214004043563705,"pac"
"1149",2,20,0.004995004995005,-1.9339948385972,"pac"
"1150",2,20,0.000999000999000999,-0.184544740333292,"pac"
"1151",2,20,0.002997002997003,-0.304955174830826,"pac"
"1152",2,20,0.001998001998002,0.830986387235806,"pac"
"1153",2,20,0.000999000999000999,-3.12000388331558,"pac"
"1154",2,20,0.000999000999000999,0.222843146139234,"pac"
"1155",2,20,0.000999000999000999,0.0665777438980095,"pac"
"1156",2,20,0.000999000999000999,-0.0835815443422696,"pac"
"1157",2,20,0.000999000999000999,-2.8184136185333,"pac"
"1158",2,20,0.000999000999000999,-2.93026924562755,"pac"
"1159",2,20,0.000999000999000999,-0.275344297120054,"pac"
"1160",2,20,0.000999000999000999,-2.55705916453509,"pac"
"1161",2,20,0.002997002997003,2.1372504495311,"pac"
"1162",2,20,0.000999000999000999,0.296483892949556,"pac"
"1163",2,20,0.001998001998002,2.53679134916736,"pac"
"1164",2,20,0.000999000999000999,-0.595790536322374,"pac"
"1165",2,20,0.000999000999000999,2.9909295865123,"pac"
"1166",2,20,0.000999000999000999,-0.273767968217677,"pac"
"1167",2,20,0.001998001998002,-0.891062438388842,"pac"
"1168",2,20,0.003996003996004,0.488106568146845,"pac"
"1169",2,20,0.001998001998002,0.0987292086746197,"pac"
"1170",2,20,0.000999000999000999,3.08427019465049,"pac"
"1171",2,20,0.000999000999000999,-2.48154964141089,"pac"
"1172",2,20,0.000999000999000999,3.12122673042999,"pac"
"1173",2,20,0.000999000999000999,-0.334307841891611,"pac"
"1174",2,20,0.001998001998002,-0.380071232808485,"pac"
"1175",2,20,0.000999000999000999,-2.94509847156467,"pac"
"1176",2,20,0.000999000999000999,3.08289997473056,"pac"
"1177",2,20,0.000999000999000999,-2.82808193937689,"pac"
"1178",2,20,0.00699300699300699,1.42606371322512,"pac"
"1179",2,20,0.000999000999000999,2.73037894298726,"pac"
"1180",2,20,0.000999000999000999,1.84239325624927,"pac"
"1181",2,20,0.000999000999000999,-2.99513283461164,"pac"
"1182",2,20,0.001998001998002,2.69750742331319,"pac"
"1183",2,20,0.002997002997003,0.812833246716812,"pac"
"1184",2,20,0.000999000999000999,2.02098324363775,"pac"
"1185",2,20,0.004995004995005,0.839180684997488,"pac"
"1186",2,20,0.000999000999000999,-1.81238096958869,"pac"
"1187",2,20,0.001998001998002,2.4450913302243,"pac"
"1188",2,20,0.002997002997003,-2.31166561312077,"pac"
"1189",2,20,0.003996003996004,-1.58791597511871,"pac"
"1190",2,20,0.000999000999000999,-1.73375564511764,"pac"
"1191",2,20,0.001998001998002,0.425721908510085,"pac"
"1192",2,20,0.000999000999000999,0.733233087717167,"pac"
"1193",2,20,0.002997002997003,0.750239694502625,"pac"
"1194",2,20,0.004995004995005,-1.31209112616628,"pac"
"1195",2,20,0.000999000999000999,2.76144554590514,"pac"
"1196",2,20,0.001998001998002,-2.06834433628284,"pac"
"1197",2,20,0.002997002997003,0.281850401580492,"pac"
"1198",2,20,0.000999000999000999,-0.521332925035473,"pac"
"1199",2,20,0.001998001998002,1.21101016231913,"pac"
"1200",2,20,0.001998001998002,0.00744437085798249,"pac"
"1201",2,20,0.000999000999000999,2.53973452267345,"pac"
"1202",2,20,0.002997002997003,0.292169935170616,"pac"
"1203",2,20,0.000999000999000999,-1.1461702401701,"pac"
"1204",2,20,0.001998001998002,2.55615895490971,"pac"
"1205",2,20,0.000999000999000999,0.862728444849885,"pac"
"1206",2,20,0.000999000999000999,-1.05437064354572,"pac"
"1207",2,20,0.000999000999000999,1.69237445791151,"pac"
"1208",2,20,0.000999000999000999,-0.946317613767344,"pac"
"1209",2,20,0.002997002997003,1.9535374158898,"pac"
"1210",2,20,0.002997002997003,3.04762812477191,"pac"
"1211",2,20,0.001998001998002,-3.0939568904696,"pac"
"1212",2,20,0.001998001998002,0.383941281609241,"pac"
"1213",2,20,0.000999000999000999,-2.1262462846388,"pac"
"1214",2,20,0.000999000999000999,2.19256546097366,"pac"
"1215",2,20,0.001998001998002,-2.2680996555415,"pac"
"1216",2,20,0.000999000999000999,-0.00787519044468142,"pac"
"1217",2,20,0.001998001998002,0.189975862213698,"pac"
"1218",2,20,0.003996003996004,-3.06255696881205,"pac"
"1219",2,20,0.001998001998002,-0.657834030348443,"pac"
"1220",2,20,0.002997002997003,-2.57143551670892,"pac"
"1221",2,20,0.000999000999000999,-1.0231285048225,"pac"
"1222",2,20,0.00699300699300699,2.29423440006809,"pac"
"1223",2,20,0.000999000999000999,-1.61136559435194,"pac"
"1224",2,20,0.000999000999000999,2.73135043356435,"pac"
"1225",2,20,0.003996003996004,-0.971615909482657,"pac"
"1226",2,20,0.001998001998002,-2.34309971468556,"pac"
"1227",2,20,0.001998001998002,0.453286132938066,"pac"
"1228",2,20,0.000999000999000999,0.0536451126294537,"pac"
"1229",2,20,0.000999000999000999,-2.50781347999016,"pac"
"1230",2,20,0.000999000999000999,1.21055603908978,"pac"
"1231",2,20,0.000999000999000999,1.78970515366574,"pac"
"1232",2,20,0.000999000999000999,-0.441544469894169,"pac"
"1233",2,20,0.002997002997003,-1.26456913890033,"pac"
"1234",2,20,0.002997002997003,-2.65933011311875,"pac"
"1235",2,20,0.000999000999000999,-1.16092106337469,"pac"
"1236",2,20,0.002997002997003,-0.780005290415795,"pac"
"1237",2,20,0.000999000999000999,2.12274140860491,"pac"
"1238",2,20,0.002997002997003,-2.94517971236913,"pac"
"1239",2,20,0.000999000999000999,-1.0240601933517,"pac"
"1240",2,20,0.001998001998002,-1.08865590842529,"pac"
"1241",2,20,0.000999000999000999,2.81941788275799,"pac"
"1242",2,20,0.000999000999000999,-1.40486643297402,"pac"
"1243",2,20,0.00699300699300699,-2.15312535813109,"pac"
"1244",2,20,0.004995004995005,3.01230331556579,"pac"
"1245",2,20,0.000999000999000999,-0.049498689122286,"pac"
"1246",2,20,0.000999000999000999,-2.33518773090783,"pac"
"1247",2,20,0.001998001998002,2.24320448934673,"pac"
"1248",2,20,0.001998001998002,-1.14883999027441,"pac"
"1249",2,20,0.002997002997003,-1.28035194903408,"pac"
"1250",2,20,0.000999000999000999,-0.0384630626800967,"pac"
"1251",2,20,0.001998001998002,-3.10967956684785,"pac"
"1252",2,20,0.000999000999000999,2.39447875638009,"pac"
"1253",2,20,0.002997002997003,-2.10696043562439,"pac"
"1254",2,20,0.001998001998002,-0.61601724055754,"pac"
"1255",2,20,0.002997002997003,-1.30934789948243,"pac"
"1256",2,20,0.001998001998002,-2.45910042826645,"pac"
"1257",2,20,0.000999000999000999,-3.08115477903543,"pac"
"1258",2,20,0.000999000999000999,0.0438711926595921,"pac"
"1259",2,20,0.000999000999000999,1.34188734992346,"pac"
"1260",2,20,0.002997002997003,-0.915176895018115,"pac"
"1261",2,20,0.001998001998002,-0.0552768706293791,"pac"
"1262",2,20,0.001998001998002,-1.28633509858073,"pac"
"1263",2,20,0.001998001998002,-2.28686070719024,"pac"
"1264",2,20,0.001998001998002,2.91261028717307,"pac"
"1265",2,20,0.000999000999000999,-1.7584387026591,"pac"
"1266",2,20,0.001998001998002,0.429176027002626,"pac"
"1267",2,20,0.000999000999000999,-2.77127973070682,"pac"
"1268",2,20,0.000999000999000999,-0.0528369251145757,"pac"
"1269",2,20,0.000999000999000999,-0.744616895115216,"pac"
"1270",2,20,0.00599400599400599,-2.64573522142124,"pac"
"1271",2,20,0.002997002997003,2.57451063217639,"pac"
"1272",2,20,0.002997002997003,-1.14495999835207,"pac"
"1273",2,20,0.001998001998002,-0.243482502285482,"pac"
"1274",2,20,0.002997002997003,-2.09036361071024,"pac"
"1275",2,20,0.002997002997003,2.64039538205202,"pac"
"1276",2,20,0.000999000999000999,0.867012301101691,"pac"
"1277",2,20,0.001998001998002,-1.87239568980621,"pac"
"1278",2,20,0.004995004995005,-0.816359452274463,"pac"
"1279",2,20,0.010989010989011,-0.785044708654757,"pac"
"1280",2,20,0.001998001998002,-1.3880795270738,"pac"
"1281",2,20,0.000999000999000999,1.85291953472132,"pac"
"1282",2,20,0.002997002997003,2.42802024127506,"pac"
"1283",2,20,0.001998001998002,1.49451516985898,"pac"
"1284",2,20,0.000999000999000999,-1.44849960249611,"pac"
"1285",2,20,0.000999000999000999,0.128985008325535,"pac"
"1286",2,20,0.003996003996004,1.32474278031634,"pac"
"1287",2,20,0.000999000999000999,3.08898479676965,"pac"
"1288",2,20,0.002997002997003,-0.268342447737047,"pac"
"1289",2,20,0.001998001998002,3.05268181850353,"pac"
"1290",2,20,0.000999000999000999,-2.62685918809505,"pac"
"1291",2,20,0.000999000999000999,-1.70627258700294,"pac"
"1292",2,20,0.001998001998002,1.69433845472511,"pac"
"1293",2,20,0.003996003996004,0.160611211095334,"pac"
"1294",2,20,0.002997002997003,-0.0626076776823843,"pac"
"1295",2,20,0.002997002997003,1.52733833066535,"pac"
"1296",2,20,0.000999000999000999,1.35275121900395,"pac"
"1297",2,20,0.00599400599400599,-1.53520326308923,"pac"
"1298",2,20,0.000999000999000999,-1.47867350193977,"pac"
"1299",2,20,0.003996003996004,1.10257693259476,"pac"
"1300",2,20,0.000999000999000999,0.393341741021794,"pac"
"1301",2,20,0.000999000999000999,-2.83975408235754,"pac"
"1302",2,20,0.000999000999000999,-0.354639213100476,"pac"
"1303",2,20,0.002997002997003,-1.13666880862014,"pac"
"1304",2,20,0.000999000999000999,-1.23697726734399,"pac"
"1305",2,20,0.00799200799200799,-0.598828411013602,"pac"
"1306",2,20,0.001998001998002,-0.875212106351052,"pac"
"1307",2,20,0.003996003996004,0.0916793985475979,"pac"
"1308",2,20,0.000999000999000999,-0.317468609795548,"pac"
"1309",2,20,0.002997002997003,-2.99228862331313,"pac"
"1310",2,20,0.003996003996004,-1.46561279752021,"pac"
"1311",2,20,0.000999000999000999,0.359203666198828,"pac"
"1312",2,20,0.001998001998002,2.99914448782485,"pac"
"1313",2,20,0.000999000999000999,-2.96226276662892,"pac"
"1314",2,20,0.000999000999000999,0.290921719228763,"pac"
"1315",2,20,0.001998001998002,0.751358862446982,"pac"
"1316",2,20,0.000999000999000999,-2.45226006791688,"pac"
"1317",2,20,0.001998001998002,-2.31875315290847,"pac"
"1318",2,20,0.002997002997003,0.506901703048508,"pac"
"1319",2,20,0.000999000999000999,0.368942311629055,"pac"
"1320",2,20,0.000999000999000999,1.67827004405348,"pac"
"1321",2,20,0.000999000999000999,2.87301667939155,"pac"
"1322",2,20,0.000999000999000999,-2.27009907232742,"pac"
"1323",2,20,0.001998001998002,-2.8623936182906,"pac"
"1324",2,20,0.003996003996004,2.83009874217986,"pac"
"1325",2,20,0.000999000999000999,0.581506702518593,"pac"
"1326",2,20,0.000999000999000999,-2.3415794898027,"pac"
"1327",2,20,0.001998001998002,2.18573472729443,"pac"
"1328",2,20,0.001998001998002,1.53926628998017,"pac"
"1329",2,20,0.002997002997003,0.221967449201968,"pac"
"1330",2,20,0.000999000999000999,-0.876188379634154,"pac"
"1331",2,20,0.002997002997003,0.785518976916867,"pac"
"1332",2,20,0.002997002997003,-2.79583232102827,"pac"
"1333",2,20,0.002997002997003,-1.98285225621147,"pac"
"1334",2,20,0.000999000999000999,0.935054739949105,"pac"
"1335",2,20,0.000999000999000999,-0.535600815764689,"pac"
"1336",2,20,0.004995004995005,0.475473312980151,"pac"
"1337",2,20,0.00999000999000999,1.91367874226138,"pac"
"1338",2,20,0.000999000999000999,-2.71278556185236,"pac"
"1339",2,20,0.001998001998002,-2.78849312321901,"pac"
"1340",2,20,0.000999000999000999,1.83820950325452,"pac"
"1341",2,20,0.001998001998002,0.340100047420657,"pac"
"1342",2,20,0.001998001998002,0.200254171262604,"pac"
"1343",2,20,0.001998001998002,-0.929638411920559,"pac"
"1344",2,20,0.002997002997003,-2.47615524832715,"pac"
"1345",2,20,0.003996003996004,-2.61670770153225,"pac"
"1346",2,20,0.00699300699300699,1.1614839880761,"pac"
"1347",2,20,0.003996003996004,-0.162640929017907,"pac"
"1348",2,20,0.002997002997003,2.47821323106984,"pac"
"1349",2,20,0.00899100899100899,1.35027489471354,"pac"
"1350",2,20,0.003996003996004,-0.197456151698724,"pac"
"1351",2,20,0.002997002997003,2.00991845216875,"pac"
"1352",2,20,0.002997002997003,0.513791937855826,"pac"
"1353",2,20,0.000999000999000999,1.12585667789301,"pac"
"1354",2,20,0.001998001998002,-1.5983806311283,"pac"
"1355",2,20,0.00599400599400599,1.84435023479858,"pac"
"1356",2,20,0.001998001998002,-1.83238278630583,"pac"
"1357",2,20,0.000999000999000999,1.03387715268271,"pac"
"1358",2,20,0.00599400599400599,-2.36214792473698,"pac"
"1359",2,20,0.000999000999000999,-0.510124803712286,"pac"
"1360",2,20,0.002997002997003,-3.11567709171209,"pac"
"1361",2,20,0.000999000999000999,0.551075749845322,"pac"
"1362",2,20,0.001998001998002,-1.92697847138973,"pac"
"1363",2,20,0.001998001998002,1.88459703127269,"pac"
"1364",2,20,0.000999000999000999,2.94717695847449,"pac"
"1365",2,20,0.000999000999000999,-3.13277096919451,"pac"
"1366",2,20,0.000999000999000999,0.976132768795283,"pac"
"1367",2,20,0.000999000999000999,-0.8678361696828,"pac"
"1368",2,20,0.004995004995005,-0.367024774139792,"pac"
"1369",2,20,0.001998001998002,2.67697157430601,"pac"
"1370",2,20,0.001998001998002,-1.08520035107897,"pac"
"1371",2,20,0.000999000999000999,-2.58174046035397,"pac"
"1372",2,20,0.004995004995005,0.0594173906604263,"pac"
"1373",2,20,0.000999000999000999,-0.789717917069248,"pac"
"1374",2,20,0.002997002997003,-1.75253782266567,"pac"
"1375",2,20,0.001998001998002,3.07807264387804,"pac"
"1376",2,20,0.002997002997003,1.51936920489148,"pac"
"1377",2,20,0.002997002997003,0.425336081812314,"pac"
"1378",2,20,0.004995004995005,-2.76251794285001,"pac"
"1379",2,20,0.000999000999000999,-0.418942927929336,"pac"
"1380",2,20,0.000999000999000999,-2.83570656129198,"pac"
"1381",2,20,0.000999000999000999,-0.8868926462733,"pac"
"1382",2,20,0.001998001998002,1.09458937139071,"pac"
"1383",2,20,0.000999000999000999,-0.834979627240925,"pac"
"1384",2,20,0.001998001998002,0.508843846298826,"pac"
"1385",2,20,0.001998001998002,-0.509604801650105,"pac"
"1386",2,20,0.000999000999000999,0.220744840760247,"pac"
"1387",2,20,0.000999000999000999,-2.44004681533518,"pac"
"1388",2,20,0.000999000999000999,0.222946810700082,"pac"
"1389",2,20,0.001998001998002,-0.329159931566478,"pac"
"1390",2,20,0.001998001998002,2.97389200657385,"pac"
"1391",2,20,0.00799200799200799,2.63864243404763,"pac"
"1392",2,20,0.00699300699300699,2.01550594270363,"pac"
"1393",2,20,0.001998001998002,-3.12983454175621,"pac"
"1394",2,20,0.002997002997003,1.46487874202261,"pac"
"1395",2,20,0.001998001998002,-2.98707048279059,"pac"
"1396",2,20,0.001998001998002,2.68374894549896,"pac"
"1397",2,20,0.002997002997003,-2.1701515987707,"pac"
"1398",2,20,0.000999000999000999,2.76632551535667,"pac"
"1399",2,20,0.001998001998002,1.98206154467307,"pac"
"1400",2,20,0.000999000999000999,-1.37134667072602,"pac"
"1401",2,20,0.000999000999000999,2.32187744085307,"pac"
"1402",2,20,0.001998001998002,-1.22109989499052,"pac"
"1403",2,20,0.000999000999000999,1.15210060708017,"pac"
"1404",2,20,0.000999000999000999,-2.0382259257215,"pac"
"1405",2,20,0.000999000999000999,0.978228736860158,"pac"
"1406",2,20,0.002997002997003,0.836767804494611,"pac"
"1407",2,20,0.000999000999000999,2.44840032078185,"pac"
"1408",2,20,0.000999000999000999,-2.79488197600498,"pac"
"1409",2,20,0.002997002997003,-0.664069984157385,"pac"
"1410",2,20,0.002997002997003,2.70562238589275,"pac"
"1411",2,20,0.001998001998002,-2.80488201678671,"pac"
"1412",2,20,0.001998001998002,2.16629297330784,"pac"
"1413",2,20,0.000999000999000999,-0.378197997123023,"pac"
"1414",2,20,0.000999000999000999,3.11517242521461,"pac"
"1415",2,20,0.004995004995005,-0.159933445874019,"pac"
"1416",2,20,0.00999000999000999,-2.83362877490465,"pac"
"1417",2,20,0.000999000999000999,-0.968399206384907,"pac"
"1418",2,20,0.003996003996004,-0.188126891668645,"pac"
"1419",2,20,0.000999000999000999,-1.28514381095842,"pac"
"1420",2,20,0.000999000999000999,-2.97786090007057,"pac"
"1421",2,20,0.000999000999000999,-2.51231909148333,"pac"
"1422",2,20,0.001998001998002,2.00618407111309,"pac"
"1423",2,20,0.000999000999000999,-1.45880884164701,"pac"
"1424",2,20,0.001998001998002,-0.739121253394816,"pac"
"1425",2,20,0.000999000999000999,-0.664355365552531,"pac"
"1426",2,20,0.001998001998002,-0.490348666350311,"pac"
"1427",2,20,0.00599400599400599,0.50635333020621,"pac"
