"","winoc","btwoc","winocpt","btwocpt","wincoh","btwcoh"
"1",1346,2036,0.569540178816998,0.566570661323761,0.659448318245914,0.657292228284381
"2",1372,2010,0.580541697872899,0.559335476061276,0.659826048690962,0.657006504647761
"3",1351,2031,0.571655855558518,0.565179279542514,0.657130931890451,0.658828421547021
"4",1326,2056,0.561077471850921,0.572136188448748,0.65859844928356,0.657861317799611
"5",1345,2037,0.569117043468694,0.56684893768001,0.65709250743197,0.658848792660776
"6",1309,2073,0.553884170929755,0.576866886504988,0.655804334936593,0.659631711873613
"7",1318,2064,0.55769238906449,0.574362399298744,0.658564591581184,0.657885795272287
"8",1392,1990,0.589004404838976,0.553769948936289,0.658037350369253,0.658229357503518
"9",1287,2095,0.54457519326707,0.582988966342475,0.657622133940948,0.658474809911217
"10",1333,2049,0.564039419289048,0.570188253955003,0.660027002657914,0.656929438068814
"11",1310,2072,0.554307306278059,0.576588610148739,0.657864452158015,0.658331071823842
"12",1316,2066,0.556846118367882,0.574918952011242,0.658894502025076,0.657676306137948
"13",1336,2046,0.56530882533396,0.569353424886255,0.656834400628743,0.659009606014663
"14",1328,2054,0.561923742547529,0.57157963573625,0.657309776472139,0.658693782858325
"15",1377,2005,0.582657374614418,0.55794409428003,0.657803214915033,0.658388721300748
"16",1326,2056,0.561077471850921,0.572136188448748,0.658486526653846,0.657933501363327
"17",1361,2021,0.575887209041556,0.56239651598002,0.657213139138868,0.658781460058387
"18",1329,2053,0.562346877895832,0.57130135938,0.658581063598947,0.657871495188992
"19",1318,2064,0.55769238906449,0.574362399298744,0.655231230880121,0.660014365719961
"20",1397,1985,0.591120081580495,0.552378567155042,0.659416496017896,0.657259228316877
"21",1345,2037,0.569117043468694,0.56684893768001,0.656401978660967,0.659304738265587
"22",1360,2022,0.575464073693252,0.562674792336269,0.657514412452941,0.658578047581602
"23",1335,2047,0.564885689985656,0.569631701242504,0.658073732310112,0.658200283591597
"24",1313,2069,0.555576712322971,0.575753781079991,0.657383503265042,0.658636961507492
"25",1326,2056,0.561077471850921,0.572136188448748,0.658797775576169,0.657732763974708
"26",1343,2039,0.568270772772087,0.567405490392509,0.658458187085629,0.657947556591466
"27",1278,2104,0.540766975132336,0.585493453548719,0.658127952717527,0.658163920899715
"28",1301,2081,0.550499088143324,0.579093097354983,0.657784106975404,0.658379283984142
"29",1358,2024,0.574617802996645,0.563231345048768,0.659536927201767,0.657219993085968
"30",1307,2075,0.553037900233148,0.577423439217487,0.657994114326702,0.658248725648675
"31",1316,2066,0.556846118367882,0.574918952011242,0.659040849462006,0.657583085795741
"32",1359,2023,0.575040938344948,0.562953068692519,0.658808164111111,0.657708412317845
"33",1340,2042,0.567001366727175,0.568240319461257,0.659690133450746,0.657139879687561
"34",1357,2025,0.574194667648341,0.563509621405017,0.656102238532793,0.659522802694815
"35",1302,2080,0.550922223491628,0.578814820998734,0.6592537995,0.657459599133173
"36",1327,2055,0.561500607199225,0.571857912092499,0.655899657186888,0.659603682753771
"37",1347,2035,0.569963314165302,0.566292384967511,0.658108008881218,0.658178341613268
"38",1372,2010,0.580541697872899,0.559335476061276,0.654553721652332,0.660605326885075
"39",1320,2062,0.558538659761098,0.573805846586245,0.656862682825758,0.658974622607178
"40",1375,2007,0.58181110391781,0.558500646992528,0.657966449238545,0.658276305651719
"41",1306,2076,0.552614764884844,0.577701715573736,0.656370447378254,0.659270042808285
"42",1337,2045,0.565731960682264,0.569075148530005,0.656725888838444,0.659081613578973
"43",1344,2038,0.56869390812039,0.567127214036259,0.65505199722619,0.66019358629735
"44",1288,2094,0.544998328615374,0.582710689986225,0.657041873041149,0.658832130214422
"45",1361,2021,0.575887209041556,0.56239651598002,0.656263347542248,0.659421077259278
"46",1369,2013,0.579272291827987,0.560170305130025,0.660732922495252,0.656393960382514
"47",1369,2013,0.579272291827987,0.560170305130025,0.659141633068663,0.657476163673621
"48",1363,2019,0.576733479738164,0.561839963267521,0.65940565018562,0.657302878624567
"49",1391,1991,0.588581269490672,0.554048225292538,0.660561896994968,0.656465501971873
"50",1285,2097,0.543728922570463,0.583545519054973,0.660218406597665,0.656883052297568
"51",1376,2006,0.582234239266114,0.558222370636279,0.657422416723837,0.658649634962114
"52",1360,2022,0.575464073693252,0.562674792336269,0.659942742255882,0.656944749593472
"53",1313,2069,0.555576712322971,0.575753781079991,0.658034524086062,0.658223819729821
"54",1398,1984,0.591543216928799,0.552100290798792,0.657728082853362,0.658447859534778
"55",1349,2033,0.57080958486191,0.565735832255012,0.659986487919199,0.656931943405312
"56",1358,2024,0.574617802996645,0.563231345048768,0.656424770578792,0.659308090266798
"57",1333,2049,0.564039419289048,0.570188253955003,0.659588405656414,0.657214772282089
"58",1363,2019,0.576733479738164,0.561839963267521,0.66113813960675,0.656133298099059
"59",1430,1952,0.605083548074523,0.543195447398812,0.659931267374825,0.656845645901639
"60",1363,2019,0.576733479738164,0.561839963267521,0.65606526547909,0.659557927834572
"61",1385,1997,0.586042457400849,0.555717883430034,0.659066897823105,0.657514651808212
"62",1370,2012,0.579695427176291,0.559892028773775,0.655897173430657,0.659684535559642
"63",1320,2062,0.558538659761098,0.573805846586245,0.658214921262879,0.658108980154704
"64",1346,2036,0.569540178816998,0.566570661323761,0.656947049202823,0.658945817740177
"65",1355,2027,0.573348396951733,0.564066174117516,0.65637689201107,0.659335828550074
"66",1317,2065,0.557269253716186,0.574640675654993,0.655468249089598,0.659860885760291
"67",1310,2072,0.554307306278059,0.576588610148739,0.656713863420611,0.65905851933639
"68",1295,2087,0.547960276053501,0.58076275549248,0.6575849266139,0.65850116587494
"69",1330,2052,0.562770013244136,0.571023083023751,0.655210874490977,0.660055531224659
"70",1349,2033,0.57080958486191,0.565735832255012,0.662050539894737,0.655562338823414
"71",1307,2075,0.553037900233148,0.577423439217487,0.658177437489671,0.658133254143133
"72",1373,2009,0.580964833221203,0.559057199705027,0.656230135484341,0.65946263669786
"73",1326,2056,0.561077471850921,0.572136188448748,0.655948377790347,0.6595704592393
"74",1279,2103,0.541190110480639,0.58521517719247,0.658085498258796,0.658189757904422
"75",1348,2034,0.570386449513606,0.566014108611262,0.65867342868546,0.657803653529007
"76",1337,2045,0.565731960682264,0.569075148530005,0.657043890295438,0.658873707491932
"77",1377,2005,0.582657374614418,0.55794409428003,0.655644529391431,0.659871269912219
"78",1320,2062,0.558538659761098,0.573805846586245,0.658490736252273,0.657932415758002
"79",1333,2049,0.564039419289048,0.570188253955003,0.656802176144786,0.659027385234261
"80",1326,2056,0.561077471850921,0.572136188448748,0.655942367149321,0.659574335751946
"81",1408,1974,0.595774570411838,0.549317527236298,0.656355620752131,0.65943044535309
"82",1321,2061,0.558961795109402,0.573527570229995,0.657274568326268,0.658711648901989
"83",1347,2035,0.569963314165302,0.566292384967511,0.660166858399406,0.65681555522457
"84",1387,1995,0.586888728097457,0.555161330717536,0.65922594347801,0.657402521073684
"85",1320,2062,0.558538659761098,0.573805846586245,0.656035787652273,0.659503963843356
"86",1347,2035,0.569963314165302,0.566292384967511,0.658457017310319,0.657947327188698
"87",1344,2038,0.56869390812039,0.567127214036259,0.656015234657738,0.659558360042198
"88",1328,2054,0.561923742547529,0.57157963573625,0.659135552090361,0.657513339810127
"89",1345,2037,0.569117043468694,0.56684893768001,0.657155527916729,0.658807181196858
"90",1374,2008,0.581387968569506,0.558778923348778,0.656237649073508,0.659459105238546
"91",1359,2023,0.575040938344948,0.562953068692519,0.655111446468727,0.660191773304498
"92",1318,2064,0.55769238906449,0.574362399298744,0.658566864073596,0.657884344136143
"93",1348,2034,0.570386449513606,0.566014108611262,0.657133551008902,0.658824182097345
"94",1341,2041,0.567424502075479,0.567962043105008,0.659574886272931,0.657214351128858
"95",1360,2022,0.575464073693252,0.562674792336269,0.658877815947794,0.657661020502967
"96",1373,2009,0.580964833221203,0.559057199705027,0.655768081635106,0.65977841566003
"97",1366,2016,0.578002885783075,0.561005134198773,0.658286921686676,0.65805777684623
"98",1350,2032,0.571232720210214,0.565457555898763,0.656775145536296,0.659063959976378
"99",1358,2024,0.574617802996645,0.563231345048768,0.65770699392489,0.658447784286561
"100",1329,2053,0.562346877895832,0.57130135938,0.655289660400301,0.660002169738919
"101",1334,2048,0.564462554637352,0.569909977598753,0.661546097687406,0.655938436929199
"102",1340,2042,0.567001366727175,0.568240319461257,0.657036563431343,0.658881203794319
"103",1337,2045,0.565731960682264,0.569075148530005,0.661458451571429,0.655987512662592
"104",1386,1996,0.586465592749153,0.555439607073785,0.657195699984127,0.65881321290982
"105",1331,2051,0.56319314859244,0.570744806667501,0.660670033712998,0.656515162493418
"106",1362,2020,0.57631034438986,0.56211823962377,0.659521792566814,0.657225609737624
"107",1331,2051,0.56319314859244,0.570744806667501,0.656770085351615,0.659046040732813
"108",1336,2046,0.56530882533396,0.569353424886255,0.658450019515719,0.657954636888074
"109",1351,2031,0.571655855558518,0.565179279542514,0.659085855790526,0.657528026574594
"110",1365,2017,0.577579750434771,0.561283410555022,0.659639209976557,0.657142732537432
"111",1338,2044,0.566155096030567,0.568796872173756,0.657528994684604,0.65855705394227
"112",1376,2006,0.582234239266114,0.558222370636279,0.661157631943314,0.656087493316052
"113",1312,2070,0.555153576974667,0.57603205743624,0.655770337147104,0.659658807154106
"114",1320,2062,0.558538659761098,0.573805846586245,0.653938266965909,0.660846702595053
"115",1415,1967,0.598736517849965,0.547369592742553,0.657279649042403,0.658776669929334
"116",1376,2006,0.582234239266114,0.558222370636279,0.657562789920058,0.6585533470668
"117",1298,2084,0.549229682098413,0.579927926423731,0.656113088115562,0.659419205744722
"118",1368,2014,0.578849156479683,0.560448581486274,0.658891911175439,0.657646613037736
"119",1312,2070,0.555153576974667,0.57603205743624,0.657437678409299,0.658602018875845
"120",1378,2004,0.583080509962722,0.55766581792378,0.659467950041364,0.657244300393713
"121",1332,2050,0.563616283940744,0.570466530311252,0.660489717623874,0.656630297205366
"122",1375,2007,0.58181110391781,0.558500646992528,0.660082001021818,0.656826936592427
"123",1345,2037,0.569117043468694,0.56684893768001,0.659528601485502,0.657240276950417
"124",1388,1994,0.58731186344576,0.554883054361286,0.655557180381844,0.65995538955667
"125",1351,2031,0.571655855558518,0.565179279542514,0.658919801387121,0.657638484230428
"126",1300,2082,0.550075952795021,0.579371373711233,0.659397312973077,0.657371712911143
"127",1340,2042,0.567001366727175,0.568240319461257,0.659087110706716,0.657535594906464
"128",1339,2043,0.566578231378871,0.568518595817506,0.65590018732935,0.659625091684777
"129",1298,2084,0.549229682098413,0.579927926423731,0.659741496693374,0.657159285238963
"130",1355,2027,0.573348396951733,0.564066174117516,0.656052094512177,0.659552947746423
"131",1361,2021,0.575887209041556,0.56239651598002,0.658823663195444,0.657696886460663
"132",1315,2067,0.556422983019578,0.575197228367492,0.658210339556654,0.658112151247702
"133",1367,2015,0.578426021131379,0.560726857842523,0.656830212374543,0.659045912074442
"134",1360,2022,0.575464073693252,0.562674792336269,0.656532949300735,0.659238181056874
"135",1353,2029,0.572502126255125,0.564622726830015,0.659204202501848,0.657447573760966
"136",1328,2054,0.561923742547529,0.57157963573625,0.658031503795934,0.658227154870983
"137",1291,2091,0.546267734660286,0.581875860917477,0.656481486364833,0.659180685915352
"138",1347,2035,0.569963314165302,0.566292384967511,0.654966217853749,0.660257944814251
"139",1299,2083,0.549652817446717,0.579649650067482,0.65571543026097,0.659668780238598
"140",1364,2018,0.577156615086468,0.561561686911272,0.657610415483871,0.658515265820614
"141",1322,2060,0.559384930457706,0.573249293873746,0.659222058965204,0.657462549123301
"142",1352,2030,0.572078990906821,0.564901003186264,0.65696937649926,0.658936855231035
"143",1363,2019,0.576733479738164,0.561839963267521,0.657702389386647,0.658452727296681
"144",1304,2078,0.551768494188236,0.578258268286235,0.656252534894939,0.659341245256497
"145",1315,2067,0.556422983019578,0.575197228367492,0.656582904914829,0.65914750516836
"146",1387,1995,0.586888728097457,0.555161330717536,0.659087609055516,0.657498696434085
"147",1357,2025,0.574194667648341,0.563509621405017,0.655182040969786,0.660139448666667
"148",1324,2058,0.560231201154313,0.572692741161247,0.661324944409366,0.656107962462585
"149",1389,1993,0.587734998794064,0.554604778005037,0.658320483048236,0.658031742193678
"150",1317,2065,0.557269253716186,0.574640675654993,0.658082608557327,0.65819351945569
"151",1321,2061,0.558961795109402,0.573527570229995,0.655109462523089,0.660099375620087
"152",1309,2073,0.553884170929755,0.576866886504988,0.656871688963331,0.658957729036662
"153",1361,2021,0.575887209041556,0.56239651598002,0.657910106495224,0.658312102031667
"154",1340,2042,0.567001366727175,0.568240319461257,0.655753651803731,0.659723075283546
"155",1322,2060,0.559384930457706,0.573249293873746,0.659117486926626,0.657529657975243
"156",1326,2056,0.561077471850921,0.572136188448748,0.655513521331825,0.659850916274319
"157",1372,2010,0.580541697872899,0.559335476061276,0.658725288036443,0.657757869631841
"158",1342,2040,0.567847637423783,0.567683766748758,0.658500973754844,0.657919659983824
"159",1313,2069,0.555576712322971,0.575753781079991,0.658607680932216,0.657860090904785
"160",1344,2038,0.56869390812039,0.567127214036259,0.655161991800595,0.660121048167812
"161",1376,2006,0.582234239266114,0.558222370636279,0.656627310516715,0.659195031841974
"162",1353,2029,0.572502126255125,0.564622726830015,0.657050610428677,0.658883655611631
"163",1337,2045,0.565731960682264,0.569075148530005,0.65579560042558,0.65968982659022
"164",1321,2061,0.558961795109402,0.573527570229995,0.656850803376987,0.658983261467734
"165",1416,1966,0.599159653198269,0.547091316386303,0.657319432443503,0.658748777622584
"166",1357,2025,0.574194667648341,0.563509621405017,0.660588865944731,0.656516208424198
"167",1328,2054,0.561923742547529,0.57157963573625,0.656967218931476,0.658915261151412
"168",1301,2081,0.550499088143324,0.579093097354983,0.659704658720984,0.657178593056223
"169",1300,2082,0.550075952795021,0.579371373711233,0.659361201937692,0.657394260627762
"170",1379,2003,0.583503645311026,0.557387541567531,0.660056286391588,0.656838139896156
"171",1350,2032,0.571232720210214,0.565457555898763,0.659006473937037,0.657581532151083
"172",1373,2009,0.580964833221203,0.559057199705027,0.659362768892207,0.657321717997511
"173",1348,2034,0.570386449513606,0.566014108611262,0.659556588922849,0.657218353627335
"174",1371,2011,0.580118562524595,0.559613752417526,0.657688450299052,0.658465215209349
"175",1287,2095,0.54457519326707,0.582988966342475,0.660630504573427,0.656626708238664
"176",1348,2034,0.570386449513606,0.566014108611262,0.660093563188427,0.656862482776794
"177",1357,2025,0.574194667648341,0.563509621405017,0.657665501400147,0.658475223578272
"178",1338,2044,0.566155096030567,0.568796872173756,0.661952548964126,0.655661400504892
"179",1355,2027,0.573348396951733,0.564066174117516,0.658023846149077,0.658234879927972
"180",1310,2072,0.554307306278059,0.576588610148739,0.657658073125191,0.658461552776062
"181",1337,2045,0.565731960682264,0.569075148530005,0.657255179651459,0.658735568680685
"182",1341,2041,0.567424502075479,0.567962043105008,0.660685216489187,0.656484829903969
"183",1323,2059,0.559808065806009,0.572971017517497,0.65757728895616,0.658518533199126
"184",1354,2028,0.572925261603429,0.564344450473766,0.658129246549483,0.658164404989152
"185",1335,2047,0.564885689985656,0.569631701242504,0.660801539970037,0.656421278595994
"186",1344,2038,0.56869390812039,0.567127214036259,0.657879339383929,0.658329038770363
"187",1365,2017,0.577579750434771,0.561283410555022,0.656448369267399,0.65930212647298
"188",1346,2036,0.569540178816998,0.566570661323761,0.658445777264487,0.657955008324165
"189",1336,2046,0.56530882533396,0.569353424886255,0.659572192758234,0.657221878602639
"190",1343,2039,0.568270772772087,0.567405490392509,0.659251593216679,0.657424974720942
"191",1346,2036,0.569540178816998,0.566570661323761,0.659994867105498,0.656930904725933
"192",1328,2054,0.561923742547529,0.57157963573625,0.659047159419428,0.657570489501947
"193",1342,2040,0.567847637423783,0.567683766748758,0.661017089555142,0.656264450472059
"194",1337,2045,0.565731960682264,0.569075148530005,0.659870800691847,0.657025502504156
"195",1328,2054,0.561923742547529,0.57157963573625,0.659204145692018,0.657468991074489
"196",1357,2025,0.574194667648341,0.563509621405017,0.66104404057406,0.656211185228148
"197",1345,2037,0.569117043468694,0.56684893768001,0.657402485075836,0.65864411915513
"198",1348,2034,0.570386449513606,0.566014108611262,0.658764802333086,0.657743097148968
"199",1340,2042,0.567001366727175,0.568240319461257,0.656436332378358,0.65927508705142
"200",1380,2002,0.58392678065933,0.557109265211281,0.658034665175362,0.658230057544456
"201",1305,2077,0.55219162953654,0.577979991929986,0.65679661959387,0.65900087846702
"202",1359,2023,0.575040938344948,0.562953068692519,0.660029252370125,0.656888116250618
"203",1384,1998,0.585619322052545,0.555996159786284,0.658948726927746,0.657597284823824
"204",1298,2084,0.549229682098413,0.579927926423731,0.660466202161017,0.656707909184741
"205",1368,2014,0.578849156479683,0.560448581486274,0.659303731578947,0.657366885971202
"206",1312,2070,0.555153576974667,0.57603205743624,0.658902283567073,0.657673728070531
"207",1344,2038,0.56869390812039,0.567127214036259,0.657586095488839,0.658522424342002
"208",1316,2066,0.556846118367882,0.574918952011242,0.656403972787234,0.659262722632139
"209",1324,2058,0.560231201154313,0.572692741161247,0.660034716310423,0.656938021744898
"210",1340,2042,0.567001366727175,0.568240319461257,0.660227560249254,0.656787209800196
"211",1328,2054,0.561923742547529,0.57157963573625,0.656524745074548,0.659201339672347
"212",1378,2004,0.583080509962722,0.55766581792378,0.657133900577649,0.658849250573852
"213",1372,2010,0.580541697872899,0.559335476061276,0.658180118968659,0.658129994985572
"214",1366,2016,0.578002885783075,0.561005134198773,0.655342762092972,0.660052678634425
"215",1358,2024,0.574617802996645,0.563231345048768,0.65679246867673,0.65906138373666
"216",1375,2007,0.58181110391781,0.558500646992528,0.658109785775273,0.658178105483308
"217",1335,2047,0.564885689985656,0.569631701242504,0.659712378314607,0.657131601414753
"218",1383,1999,0.585196186704241,0.556274436142533,0.658459507977585,0.65793642501901
"219",1355,2027,0.573348396951733,0.564066174117516,0.660658540791144,0.656473650899852
"220",1328,2054,0.561923742547529,0.57157963573625,0.659593010395331,0.657217573194255
"221",1351,2031,0.571655855558518,0.565179279542514,0.657254199557365,0.658746425181684
"222",1350,2032,0.571232720210214,0.565457555898763,0.658633809131111,0.657829119497539
"223",1320,2062,0.558538659761098,0.573805846586245,0.65868652107197,0.657807083089719
"224",1355,2027,0.573348396951733,0.564066174117516,0.658090524101107,0.658190307345338
"225",1270,2112,0.537381892345905,0.587719664398714,0.656650990393701,0.659051920144886
"226",1383,1999,0.585196186704241,0.556274436142533,0.660617929830079,0.65644312966033
"227",1336,2046,0.56530882533396,0.569353424886255,0.657421535407186,0.658626217909091
"228",1337,2045,0.565731960682264,0.569075148530005,0.657840036256545,0.658353195438142
"229",1331,2051,0.56319314859244,0.570744806667501,0.658919571871525,0.657651127735251
"230",1333,2049,0.564039419289048,0.570188253955003,0.660369615344336,0.656706547531479
"231",1297,2085,0.548806546750109,0.580206202779981,0.659119537257517,0.657547421258034
"232",1353,2029,0.572502126255125,0.564622726830015,0.657902134830007,0.658315832785116
"233",1334,2048,0.564462554637352,0.569909977598753,0.657520786075712,0.65856039283252
"234",1366,2016,0.578002885783075,0.561005134198773,0.656059276994876,0.659567182922123
"235",1348,2034,0.570386449513606,0.566014108611262,0.659977459949555,0.656939428286136
"236",1367,2015,0.578426021131379,0.560726857842523,0.660385322558888,0.656634082981638
"237",1345,2037,0.569117043468694,0.56684893768001,0.656635335911524,0.659150656035837
"238",1352,2030,0.572078990906821,0.564901003186264,0.658684428164201,0.657794613925123
"239",1340,2042,0.567001366727175,0.568240319461257,0.659285667439552,0.657405298127816
"240",1364,2018,0.577156615086468,0.561561686911272,0.657186152685484,0.658802032152131
"241",1367,2015,0.578426021131379,0.560726857842523,0.658448563207023,0.657948003594045
"242",1353,2029,0.572502126255125,0.564622726830015,0.657477163392461,0.658599216893051
"243",1340,2042,0.567001366727175,0.568240319461257,0.658107894404478,0.658178175633692
"244",1383,1999,0.585196186704241,0.556274436142533,0.657984960169197,0.658264738985493
"245",1368,2014,0.578849156479683,0.560448581486274,0.657918441329678,0.65830783783863
"246",1324,2058,0.560231201154313,0.572692741161247,0.658215828142749,0.658108190809038
"247",1343,2039,0.568270772772087,0.567405490392509,0.659825328023083,0.657047080731241
"248",1307,2075,0.553037900233148,0.577423439217487,0.658333902892885,0.658034699790361
"249",1317,2065,0.557269253716186,0.574640675654993,0.657551563017464,0.658532205642615
"250",1344,2038,0.56869390812039,0.567127214036259,0.656815591811756,0.659030548454858
"251",1384,1998,0.585619322052545,0.555996159786284,0.657612470444364,0.658522899925425
"252",1304,2078,0.551768494188236,0.578258268286235,0.659496075918712,0.657305837414822
"253",1327,2055,0.561500607199225,0.571857912092499,0.658981492720422,0.657613611827737
"254",1365,2017,0.577579750434771,0.561283410555022,0.658175707610256,0.658133154317303
"255",1340,2042,0.567001366727175,0.568240319461257,0.660121725658955,0.656856660510774
"256",1301,2081,0.550499088143324,0.579093097354983,0.65704692470638,0.658840155743873
"257",1312,2070,0.555153576974667,0.57603205743624,0.65797216431936,0.658263252927053
"258",1328,2054,0.561923742547529,0.57157963573625,0.661359654153614,0.656075361455696
"259",1338,2044,0.566155096030567,0.568796872173756,0.657084189976084,0.658848222582192
"260",1388,1994,0.58731186344576,0.554883054361286,0.659743545144092,0.657041310173521
"261",1377,2005,0.582657374614418,0.55794409428003,0.657324609296296,0.658717419523691
"262",1402,1980,0.593235758322014,0.550987185373795,0.657267741778887,0.658775272309091
"263",1348,2034,0.570386449513606,0.566014108611262,0.658193683714392,0.658121596607178
"264",1375,2007,0.58181110391781,0.558500646992528,0.657331467792,0.658711332801196
"265",1344,2038,0.56869390812039,0.567127214036259,0.661512443694196,0.655933115221295
"266",1338,2044,0.566155096030567,0.568796872173756,0.659480361090434,0.657279691784247
"267",1356,2026,0.573771532300037,0.563787897761267,0.658437669786873,0.657958012297631
"268",1359,2023,0.575040938344948,0.562953068692519,0.657900272884474,0.658318310576372
"269",1338,2044,0.566155096030567,0.568796872173756,0.658139953023916,0.658157121330724
"270",1374,2008,0.581387968569506,0.558778923348778,0.658341770163028,0.658019333138446
"271",1337,2045,0.565731960682264,0.569075148530005,0.656736449747943,0.659074708964792
"272",1372,2010,0.580541697872899,0.559335476061276,0.65627073154519,0.659433318142289
"273",1316,2066,0.556846118367882,0.574918952011242,0.658270964050152,0.658073487151985
"274",1342,2040,0.567847637423783,0.567683766748758,0.656896888389717,0.658974896532843
"275",1364,2018,0.577156615086468,0.561561686911272,0.656098720905425,0.659537045505946
"276",1306,2076,0.552614764884844,0.577701715573736,0.655232041058193,0.659986207863199
"277",1350,2032,0.571232720210214,0.565457555898763,0.658676063583704,0.657801046903543
"278",1349,2033,0.57080958486191,0.565735832255012,0.659224124501112,0.657437810720118
"279",1369,2013,0.579272291827987,0.560170305130025,0.659005075823229,0.657569033454545
"280",1353,2029,0.572502126255125,0.564622726830015,0.65819370644272,0.658121403809266
"281",1298,2084,0.549229682098413,0.579927926423731,0.657252243080123,0.658709693679463
"282",1341,2041,0.567424502075479,0.567962043105008,0.659793665374347,0.657070606506124
"283",1335,2047,0.564885689985656,0.569631701242504,0.656901621329588,0.658964703796287
"284",1323,2059,0.559808065806009,0.572971017517497,0.65466811411489,0.660387808728509
"285",1350,2032,0.571232720210214,0.565457555898763,0.65919286398963,0.657457700177165
"286",1306,2076,0.552614764884844,0.577701715573736,0.658304062349158,0.658053616434489
"287",1359,2023,0.575040938344948,0.562953068692519,0.659060828568801,0.65753867875482
"288",1338,2044,0.566155096030567,0.568796872173756,0.658495223870703,0.657924561451566
"289",1321,2061,0.558961795109402,0.573527570229995,0.65730347272975,0.658693122595827
"290",1338,2044,0.566155096030567,0.568796872173756,0.65848556232586,0.657930885887476
"291",1363,2019,0.576733479738164,0.561839963267521,0.655905507526045,0.659665778300149
"292",1400,1982,0.592389487625407,0.551543738086293,0.660223286340714,0.65668608086226
"293",1312,2070,0.555153576974667,0.57603205743624,0.659144338897104,0.65752030942657
"294",1251,2131,0.529342320728131,0.593006915167453,0.658568565577938,0.657904804133271
"295",1388,1994,0.58731186344576,0.554883054361286,0.657697278206772,0.658465692575226
"296",1312,2070,0.555153576974667,0.57603205743624,0.658998671666921,0.657612635709662
"297",1305,2077,0.55219162953654,0.577979991929986,0.657844241485824,0.658342647090515
"298",1316,2066,0.556846118367882,0.574918952011242,0.657380729582067,0.658640548410455
"299",1381,2001,0.584349916007633,0.556830988855032,0.657335290360608,0.658712832162919
"300",1300,2082,0.550075952795021,0.579371373711233,0.659756357707692,0.657147525516811
"301",1303,2079,0.551345358839932,0.578536544642484,0.659469537874137,0.6573235234709
"302",1373,2009,0.580964833221203,0.559057199705027,0.658408942412964,0.657973586467397
"303",1364,2018,0.577156615086468,0.561561686911272,0.659740622802053,0.657075423014866
"304",1299,2083,0.549652817446717,0.579649650067482,0.655160963673595,0.660014556569371
"305",1336,2046,0.56530882533396,0.569353424886255,0.658570403107036,0.657876028638807
"306",1297,2085,0.548806546750109,0.580206202779981,0.65641355819121,0.659230708955396
"307",1359,2023,0.575040938344948,0.562953068692519,0.660340168036056,0.656679251005932
"308",1352,2030,0.572078990906821,0.564901003186264,0.657450432426775,0.658616467243842
"309",1300,2082,0.550075952795021,0.579371373711233,0.655091275469231,0.660060401073967
"310",1364,2018,0.577156615086468,0.561561686911272,0.656966023090909,0.658950821432111
"311",1345,2037,0.569117043468694,0.56684893768001,0.657325187142007,0.658695157800687
"312",1326,2056,0.561077471850921,0.572136188448748,0.65713914041629,0.658802486845331
"313",1333,2049,0.564039419289048,0.570188253955003,0.659744147289572,0.657113452810639
"314",1311,2071,0.554730441626363,0.576310333792489,0.656459885697178,0.659220426362627
"315",1335,2047,0.564885689985656,0.569631701242504,0.65970618559176,0.657135640147045
"316",1284,2098,0.543305787222159,0.583823795411223,0.659424514652648,0.657370513027645
"317",1389,1993,0.587734998794064,0.554604778005037,0.659720242411807,0.657056194900151
"318",1388,1994,0.58731186344576,0.554883054361286,0.659361416917867,0.657307305147442
"319",1381,2001,0.584349916007633,0.556830988855032,0.655268168443157,0.660139466529735
"320",1339,2043,0.566578231378871,0.568518595817506,0.656564302143391,0.659189825049437
"321",1352,2030,0.572078990906821,0.564901003186264,0.65817913691568,0.658131142874877
"322",1345,2037,0.569117043468694,0.56684893768001,0.659848513167286,0.657029044151203
"323",1395,1987,0.590273810883887,0.55293511986754,0.656557060859498,0.659268904502768
"324",1330,2052,0.562770013244136,0.571023083023751,0.657418808187218,0.658624463088207
"325",1348,2034,0.570386449513606,0.566014108611262,0.658063732853858,0.658207719399705
"326",1363,2019,0.576733479738164,0.561839963267521,0.660823190043287,0.656345916353145
"327",1283,2099,0.542882651873855,0.584102071767472,0.660728132561964,0.65657466368223
"328",1343,2039,0.568270772772087,0.567405490392509,0.659152004486969,0.657490569455615
"329",1348,2034,0.570386449513606,0.566014108611262,0.658011294200297,0.658242472253687
"330",1362,2020,0.57631034438986,0.56211823962377,0.654385574881057,0.660688742652475
"331",1351,2031,0.571655855558518,0.565179279542514,0.65723244180903,0.658760898208764
"332",1320,2062,0.558538659761098,0.573805846586245,0.65666083059697,0.659103839358875
"333",1378,2004,0.583080509962722,0.55766581792378,0.657128368645138,0.658853054467565
"334",1313,2069,0.555576712322971,0.575753781079991,0.655882522932978,0.659589492767037
"335",1326,2056,0.561077471850921,0.572136188448748,0.658919715366516,0.657654119927043
"336",1371,2011,0.580118562524595,0.559613752417526,0.659681363025529,0.657106546214818
"337",1276,2106,0.539920704435728,0.586050006261218,0.658836286903605,0.657734715601614
"338",1380,2002,0.58392678065933,0.557109265211281,0.655230947286232,0.660162690255245
"339",1369,2013,0.579272291827987,0.560170305130025,0.659052526607012,0.657536763150025
"340",1372,2010,0.580541697872899,0.559335476061276,0.658417779642128,0.65796777088408
"341",1389,1993,0.587734998794064,0.554604778005037,0.654707003835853,0.660550117821375
"342",1330,2052,0.562770013244136,0.571023083023751,0.658691983655639,0.657799256766082
"343",1320,2062,0.558538659761098,0.573805846586245,0.658257020558333,0.65808203007226
"344",1330,2052,0.562770013244136,0.571023083023751,0.657625859936842,0.658490262880117
"345",1381,2001,0.584349916007633,0.556830988855032,0.654792979235337,0.66046742070065
"346",1319,2063,0.558115524412794,0.574084122942494,0.658782648568613,0.657746049289384
"347",1358,2024,0.574617802996645,0.563231345048768,0.657455040253314,0.658616832253953
"348",1367,2015,0.578426021131379,0.560726857842523,0.657149513532553,0.658829294365757
"349",1309,2073,0.553884170929755,0.576866886504988,0.658080394702827,0.658194489377713
"350",1310,2072,0.554307306278059,0.576588610148739,0.656656172562595,0.659094993768822
"351",1355,2027,0.573348396951733,0.564066174117516,0.659164286854613,0.657472523166256
"352",1325,2057,0.560654336502617,0.572414464804998,0.657248302003019,0.658731362660185
"353",1364,2018,0.577156615086468,0.561561686911272,0.658155081478739,0.658147116951933
"354",1337,2045,0.565731960682264,0.569075148530005,0.65702703750561,0.658884725672861
"355",1318,2064,0.55769238906449,0.574362399298744,0.657048085679818,0.658854184215116
"356",1352,2030,0.572078990906821,0.564901003186264,0.6572692355,0.658737146182266
"357",1337,2045,0.565731960682264,0.569075148530005,0.660523565246821,0.65659873174132
"358",1328,2054,0.561923742547529,0.57157963573625,0.660335910420934,0.65673725613778
"359",1360,2022,0.575464073693252,0.562674792336269,0.6580207178625,0.658237505862018
"360",1328,2054,0.561923742547529,0.57157963573625,0.660417203808735,0.656684696440117
"361",1394,1988,0.589850675535584,0.55321339622379,0.658272132903156,0.658064919456237
"362",1273,2109,0.538651298390816,0.586884835329966,0.658859632311076,0.657722191187293
"363",1340,2042,0.567001366727175,0.568240319461257,0.658446828726119,0.657955760358962
"364",1353,2029,0.572502126255125,0.564622726830015,0.660726325937177,0.65643257474273
"365",1369,2013,0.579272291827987,0.560170305130025,0.657114600934259,0.658854706640338
"366",1314,2068,0.555999847671275,0.575475504723741,0.656872623071537,0.658962179124758
"367",1316,2066,0.556846118367882,0.574918952011242,0.658867685829027,0.657693387509681
"368",1339,2043,0.566578231378871,0.568518595817506,0.655890083831217,0.659631713605482
"369",1304,2078,0.551768494188236,0.578258268286235,0.657533665496166,0.658537301895573
"370",1318,2064,0.55769238906449,0.574362399298744,0.657740739605463,0.658411879043605
"371",1339,2043,0.566578231378871,0.568518595817506,0.658010862727408,0.658241736639256
"372",1293,2089,0.547114005356893,0.581319308204978,0.660606605204176,0.656630001252753
"373",1314,2068,0.555999847671275,0.575475504723741,0.656801365143836,0.659007456163927
"374",1306,2076,0.552614764884844,0.577701715573736,0.659157502781776,0.657516721827071
"375",1366,2016,0.578002885783075,0.561005134198773,0.659659942660322,0.657127446166667
"376",1355,2027,0.573348396951733,0.564066174117516,0.65327005522214,0.661412673073508
"377",1341,2041,0.567424502075479,0.567962043105008,0.657515641404176,0.658567338570799
"378",1334,2048,0.564462554637352,0.569909977598753,0.658119117707646,0.658170659240234
"379",1385,1997,0.586042457400849,0.555717883430034,0.658458712373285,0.657936452933901
"380",1372,2010,0.580541697872899,0.559335476061276,0.656728639213557,0.659120756291045
"381",1368,2014,0.578849156479683,0.560448581486274,0.655222207901316,0.660139241676763
"382",1352,2030,0.572078990906821,0.564901003186264,0.659418411621302,0.65730577371133
"383",1323,2059,0.559808065806009,0.572971017517497,0.657155572123961,0.658789505209325
"384",1331,2051,0.56319314859244,0.570744806667501,0.656617437018783,0.659145102132618
"385",1381,2001,0.584349916007633,0.556830988855032,0.660188492441709,0.656743680701649
"386",1358,2024,0.574617802996645,0.563231345048768,0.657782918006627,0.658396843128953
"387",1348,2034,0.570386449513606,0.566014108611262,0.659203582054154,0.657452303115536
"388",1357,2025,0.574194667648341,0.563509621405017,0.65814622113633,0.658153082006914
"389",1375,2007,0.58181110391781,0.558500646992528,0.656782783852364,0.659087237343797
"390",1338,2044,0.566155096030567,0.568796872173756,0.662295313142003,0.655437027476517
"391",1351,2031,0.571655855558518,0.565179279542514,0.65816544073131,0.6581402770645
"392",1363,2019,0.576733479738164,0.561839963267521,0.658571422432869,0.657866054665676
"393",1347,2035,0.569963314165302,0.566292384967511,0.658395440265776,0.657988086048157
"394",1313,2069,0.555576712322971,0.575753781079991,0.658787241977152,0.657746140372161
"395",1326,2056,0.561077471850921,0.572136188448748,0.660220580268477,0.656815137991245
"396",1316,2066,0.556846118367882,0.574918952011242,0.659858288680091,0.657062393631655
"397",1328,2054,0.561923742547529,0.57157963573625,0.657173095128012,0.658782153269718
"398",1324,2058,0.560231201154313,0.572692741161247,0.65772531455287,0.658423759318756
"399",1332,2050,0.563616283940744,0.570466530311252,0.659024654233483,0.657582231076585
"400",1354,2028,0.572925261603429,0.564344450473766,0.657274035185377,0.658735389302268
"401",1365,2017,0.577579750434771,0.561283410555022,0.65858145101685,0.65785856842241
"402",1310,2072,0.554307306278059,0.576588610148739,0.660537397368702,0.656641130595077
"403",1310,2072,0.554307306278059,0.576588610148739,0.658873421242748,0.657693161833012
"404",1322,2060,0.559384930457706,0.573249293873746,0.660553422497731,0.656608149807767
"405",1304,2078,0.551768494188236,0.578258268286235,0.658910556586656,0.65767326629307
"406",1344,2038,0.56869390812039,0.567127214036259,0.656974071296131,0.65892603597841
"407",1321,2061,0.558961795109402,0.573527570229995,0.657182846344436,0.658770438197477
"408",1336,2046,0.56530882533396,0.569353424886255,0.659133277722305,0.657508481969208
"409",1351,2031,0.571655855558518,0.565179279542514,0.65692649757735,0.658964409118168
"410",1349,2033,0.57080958486191,0.565735832255012,0.658117377196442,0.658172194445647
"411",1360,2022,0.575464073693252,0.562674792336269,0.656665747619118,0.659148860724036
"412",1317,2065,0.557269253716186,0.574640675654993,0.657454041074412,0.658594402446005
"413",1333,2049,0.564039419289048,0.570188253955003,0.660190291908477,0.656823208409956
"414",1370,2012,0.579695427176291,0.559892028773775,0.657704986443796,0.658453569442346
"415",1353,2029,0.572502126255125,0.564622726830015,0.661111387419069,0.656175803828487
"416",1293,2089,0.547114005356893,0.581319308204978,0.657108887458623,0.658794936171374
"417",1331,2051,0.56319314859244,0.570744806667501,0.656088247163035,0.659488520805461
"418",1349,2033,0.57080958486191,0.565735832255012,0.659055918300222,0.657549424180521
"419",1367,2015,0.578426021131379,0.560726857842523,0.657554616179225,0.658554467905211
"420",1362,2020,0.57631034438986,0.56211823962377,0.658985094472834,0.657587482412871
"421",1318,2064,0.55769238906449,0.574362399298744,0.660181064853566,0.656853570576066
"422",1390,1992,0.588158134142368,0.554326501648787,0.658722499066187,0.657751074018072
"423",1302,2080,0.550922223491628,0.578814820998734,0.660147274645161,0.656900318056731
"424",1319,2063,0.558115524412794,0.574084122942494,0.655429214299469,0.659890101543868
"425",1347,2035,0.569963314165302,0.566292384967511,0.660955753048255,0.656293372869779
"426",1284,2098,0.543305787222159,0.583823795411223,0.65995960226947,0.657043033285033
"427",1367,2015,0.578426021131379,0.560726857842523,0.657893903419166,0.658324291400496
"428",1323,2059,0.559808065806009,0.572971017517497,0.657112081562358,0.658817449848956
"429",1373,2009,0.580964833221203,0.559057199705027,0.658401772846322,0.657978486325535
"430",1307,2075,0.553037900233148,0.577423439217487,0.65869052758837,0.657810069199036
"431",1371,2011,0.580118562524595,0.559613752417526,0.658749335720642,0.657741956177524
"432",1365,2017,0.577579750434771,0.561283410555022,0.657664410554579,0.658479173395637
"433",1261,2121,0.53357367421117,0.590224151604959,0.661478584836638,0.656171578343706
"434",1361,2021,0.575887209041556,0.56239651598002,0.659970824850845,0.656924354539337
"435",1311,2071,0.554730441626363,0.576310333792489,0.658629500529367,0.657847000459681
"436",1325,2057,0.560654336502617,0.572414464804998,0.657836426767547,0.658352526824988
"437",1347,2035,0.569963314165302,0.566292384967511,0.656882951207127,0.658989227454545
"438",1372,2010,0.580541697872899,0.559335476061276,0.658566621906706,0.657866173079602
"439",1297,2085,0.548806546750109,0.580206202779981,0.659593051912876,0.657252865618705
"440",1327,2055,0.561500607199225,0.571857912092499,0.660815687718161,0.656429194911922
"441",1360,2022,0.575464073693252,0.562674792336269,0.659147263586765,0.657479789647873
"442",1316,2066,0.556846118367882,0.574918952011242,0.658208941162614,0.658112994470474
"443",1354,2028,0.572925261603429,0.564344450473766,0.656737235769572,0.659093784967456
"444",1403,1979,0.593658893670318,0.550708909017545,0.658551361007128,0.657866020036887
"445",1372,2010,0.580541697872899,0.559335476061276,0.657698782879738,0.658458548773632
"446",1338,2044,0.566155096030567,0.568796872173756,0.660746997746637,0.65645055291634
"447",1374,2008,0.581387968569506,0.558778923348778,0.656998856751819,0.658938239028386
"448",1315,2067,0.556422983019578,0.575197228367492,0.65846519923346,0.65795001265312
"449",1292,2090,0.54669087000859,0.581597584561228,0.662173012633901,0.655663579341148
"450",1319,2063,0.558115524412794,0.574084122942494,0.660854253138741,0.656421547870092
"451",1385,1997,0.586042457400849,0.555717883430034,0.657051220532852,0.658912605261893
"452",1369,2013,0.579272291827987,0.560170305130025,0.657982366325785,0.658264557201192
"453",1362,2020,0.57631034438986,0.56211823962377,0.65767300904699,0.658472165754455
"454",1307,2075,0.553037900233148,0.577423439217487,0.65737143865723,0.658640936299277
"455",1318,2064,0.55769238906449,0.574362399298744,0.657463088845979,0.658589177348353
"456",1313,2069,0.555576712322971,0.575753781079991,0.660299138682407,0.656786681515708
"457",1378,2004,0.583080509962722,0.55766581792378,0.657626049626996,0.658510836706587
"458",1369,2013,0.579272291827987,0.560170305130025,0.659295443955442,0.657371560045206
"459",1339,2043,0.566578231378871,0.568518595817506,0.65956493273637,0.657223185615272
"460",1320,2062,0.558538659761098,0.573805846586245,0.657673955492424,0.658455282199806
"461",1331,2051,0.56319314859244,0.570744806667501,0.659242501715252,0.657441561854217
"462",1333,2049,0.564039419289048,0.570188253955003,0.655917709744186,0.659602784800879
"463",1281,2101,0.542036381177247,0.584658624479971,0.659399143505074,0.65738891495288
"464",1365,2017,0.577579750434771,0.561283410555022,0.659944050849817,0.656936432194348
"465",1338,2044,0.566155096030567,0.568796872173756,0.656707889928251,0.659094548151663
"466",1338,2044,0.566155096030567,0.568796872173756,0.659745694121824,0.657106005093444
"467",1336,2046,0.56530882533396,0.569353424886255,0.659714070436377,0.657129235113881
"468",1298,2084,0.549229682098413,0.579927926423731,0.657176286812018,0.658757002333973
"469",1320,2062,0.558538659761098,0.573805846586245,0.658097458740909,0.658184174397672
"470",1350,2032,0.571232720210214,0.565457555898763,0.657437795694815,0.658623715038386
"471",1318,2064,0.55769238906449,0.574362399298744,0.659187130694234,0.657488263028585
"472",1329,2053,0.562346877895832,0.57130135938,0.656703552443943,0.65908689330151
"473",1370,2012,0.579695427176291,0.559892028773775,0.659207082452555,0.657430770470179
"474",1295,2087,0.547960276053501,0.58076275549248,0.657422320828571,0.658602064050311
"475",1371,2011,0.580118562524595,0.559613752417526,0.658327447394602,0.658029578701144
"476",1332,2050,0.563616283940744,0.570466530311252,0.659842970605105,0.65705052502439
"477",1333,2049,0.564039419289048,0.570188253955003,0.65867451283871,0.657809315535383
"478",1362,2020,0.57631034438986,0.56211823962377,0.659805294278267,0.657034456603465
"479",1338,2044,0.566155096030567,0.568796872173756,0.654468185764574,0.660560655867417
"480",1334,2048,0.564462554637352,0.569909977598753,0.658894062665667,0.657665885522461
"481",1356,2026,0.573771532300037,0.563787897761267,0.659954250207965,0.6569429663692
"482",1402,1980,0.593235758322014,0.550987185373795,0.659656216006419,0.65708403954798
"483",1337,2045,0.565731960682264,0.569075148530005,0.65738633965819,0.658649817615159
"484",1346,2036,0.569540178816998,0.566570661323761,0.658600948946508,0.657852424294695
"485",1349,2033,0.57080958486191,0.565735832255012,0.662524498156412,0.655247843154452
"486",1327,2055,0.561500607199225,0.571857912092499,0.659205518015825,0.65746894926472
"487",1341,2041,0.567424502075479,0.567962043105008,0.659312086028337,0.65738701900147
"488",1330,2052,0.562770013244136,0.571023083023751,0.656394213780451,0.659288552055556
"489",1335,2047,0.564885689985656,0.569631701242504,0.659150981597753,0.657497729708354
"490",1351,2031,0.571655855558518,0.565179279542514,0.658823565407106,0.657702499399803
"491",1319,2063,0.558115524412794,0.574084122942494,0.656582934768764,0.659152458645662
"492",1380,2002,0.58392678065933,0.557109265211281,0.65724653067971,0.658773327076923
"493",1346,2036,0.569540178816998,0.566570661323761,0.658313492704309,0.658042461672888
"494",1332,2050,0.563616283940744,0.570466530311252,0.659042597756006,0.657570572163415
"495",1398,1984,0.591543216928799,0.552100290798792,0.65884325888269,0.657662065135081
"496",1329,2053,0.562346877895832,0.57130135938,0.658010076685478,0.658241120911349
"497",1310,2072,0.554307306278059,0.576588610148739,0.658441872416794,0.657966003996139
"498",1381,2001,0.584349916007633,0.556830988855032,0.657846454395366,0.658360049788106
"499",1308,2074,0.553461035581451,0.577145162861238,0.656824543751529,0.658986456084378
"500",1360,2022,0.575464073693252,0.562674792336269,0.658450696552206,0.657948301599901
"501",1300,2082,0.550075952795021,0.579371373711233,0.660072018983077,0.656950426737752
"502",1346,2036,0.569540178816998,0.566570661323761,0.658466920601783,0.657941030459725
"503",1370,2012,0.579695427176291,0.559892028773775,0.656117496972993,0.659534514062127
"504",1314,2068,0.555999847671275,0.575475504723741,0.654725659424658,0.660326352351064
"505",1333,2049,0.564039419289048,0.570188253955003,0.6612135478012,0.65615751777794
"506",1366,2016,0.578002885783075,0.561005134198773,0.656124349746706,0.659523090968254
"507",1344,2038,0.56869390812039,0.567127214036259,0.656699933859375,0.659106821412659
"508",1335,2047,0.564885689985656,0.569631701242504,0.656245004367041,0.659392932250122
"509",1339,2043,0.566578231378871,0.568518595817506,0.656301414121733,0.65936212414929
"510",1314,2068,0.555999847671275,0.575475504723741,0.658290911534247,0.658061003573501
"511",1279,2103,0.541190110480639,0.58521517719247,0.656584704163409,0.659102509044698
"512",1320,2062,0.558538659761098,0.573805846586245,0.660578522813636,0.656595908356935
"513",1372,2010,0.580541697872899,0.559335476061276,0.658111639774053,0.65817673799801
"514",1319,2063,0.558115524412794,0.574084122942494,0.656383804685368,0.65927977448667
"515",1357,2025,0.574194667648341,0.563509621405017,0.656455106375092,0.659286337676543
"516",1315,2067,0.556422983019578,0.575197228367492,0.660621055195437,0.656578483582003
"517",1354,2028,0.572925261603429,0.564344450473766,0.657196684521418,0.65878703269428
"518",1322,2060,0.559384930457706,0.573249293873746,0.660570551409985,0.656597157369903
"519",1323,2059,0.559808065806009,0.572971017517497,0.656505557375661,0.659207168886838
"520",1291,2091,0.546267734660286,0.581875860917477,0.652734617668474,0.66149403239407
"521",1318,2064,0.55769238906449,0.574362399298744,0.656514003509105,0.659195230872577
"522",1371,2011,0.580118562524595,0.559613752417526,0.660074318344274,0.656838648779712
"523",1338,2044,0.566155096030567,0.568796872173756,0.656664236334828,0.659123123742661
"524",1357,2025,0.574194667648341,0.563509621405017,0.65756668543773,0.658541442472593
"525",1404,1978,0.594082029018622,0.550430632661296,0.65700015992735,0.65896672831547
"526",1312,2070,0.555153576974667,0.57603205743624,0.658873588862043,0.657691915245894
"527",1363,2019,0.576733479738164,0.561839963267521,0.660044720019076,0.656871451094601
"528",1336,2046,0.56530882533396,0.569353424886255,0.659114087881737,0.65752101257869
"529",1366,2016,0.578002885783075,0.561005134198773,0.659376624098829,0.657319416977679
"530",1375,2007,0.58181110391781,0.558500646992528,0.656610045559273,0.659205580718485
"531",1328,2054,0.561923742547529,0.57157963573625,0.657193003512048,0.658769281636806
"532",1287,2095,0.54457519326707,0.582988966342475,0.656483589285159,0.659174240446778
"533",1366,2016,0.578002885783075,0.561005134198773,0.657482673538067,0.658602718796131
"534",1344,2038,0.56869390812039,0.567127214036259,0.658274230552083,0.658068619864573
"535",1346,2036,0.569540178816998,0.566570661323761,0.656530933444279,0.659220911949902
"536",1332,2050,0.563616283940744,0.570466530311252,0.658046794574324,0.658217601352683
"537",1387,1995,0.586888728097457,0.555161330717536,0.659708776601298,0.657066837092732
"538",1341,2041,0.567424502075479,0.567962043105008,0.658146027958986,0.658153155146007
"539",1294,2088,0.547537140705197,0.581041031848729,0.661276864700155,0.656212715624521
"540",1336,2046,0.56530882533396,0.569353424886255,0.656718653245509,0.659085186906158
"541",1367,2015,0.578426021131379,0.560726857842523,0.658527264065106,0.657894611994541
"542",1364,2018,0.577156615086468,0.561561686911272,0.657987686159091,0.65826026225223
"543",1340,2042,0.567001366727175,0.568240319461257,0.661053885034328,0.656244959451518
"544",1369,2013,0.579272291827987,0.560170305130025,0.659059716769175,0.657531873268256
"545",1376,2006,0.582234239266114,0.558222370636279,0.659426854125,0.657274706814556
"546",1361,2021,0.575887209041556,0.56239651598002,0.65618406131227,0.659474470905492
"547",1365,2017,0.577579750434771,0.561283410555022,0.655171402210256,0.660166310921666
"548",1377,2005,0.582657374614418,0.55794409428003,0.658742308627451,0.65774376766384
"549",1342,2040,0.567847637423783,0.567683766748758,0.656785781373323,0.659047987521078
"550",1354,2028,0.572925261603429,0.564344450473766,0.660757747191285,0.656409479018245
"551",1346,2036,0.569540178816998,0.566570661323761,0.65619238940416,0.659444723481336
"552",1366,2016,0.578002885783075,0.561005134198773,0.65727079513836,0.658746283227679
"553",1348,2034,0.570386449513606,0.566014108611262,0.659963547250742,0.656948648698132
"554",1342,2040,0.567847637423783,0.567683766748758,0.655906749668405,0.659626252495588
"555",1291,2091,0.546267734660286,0.581875860917477,0.660362521505035,0.656784504009087
"556",1345,2037,0.569117043468694,0.56684893768001,0.657552619400743,0.658544987752577
"557",1285,2097,0.543728922570463,0.583545519054973,0.660011320199222,0.657009950734382
"558",1317,2065,0.557269253716186,0.574640675654993,0.657793684042521,0.658377787536077
"559",1331,2051,0.56319314859244,0.570744806667501,0.655404360864763,0.659932330002438
"560",1353,2029,0.572502126255125,0.564622726830015,0.655996177093126,0.659586784395761
"561",1363,2019,0.576733479738164,0.561839963267521,0.658934109790169,0.657621209263001
"562",1329,2053,0.562346877895832,0.57130135938,0.65981363234161,0.657073597547004
"563",1377,2005,0.582657374614418,0.55794409428003,0.655530011145243,0.659949919101746
"564",1332,2050,0.563616283940744,0.570466530311252,0.65784651396021,0.658347734902927
"565",1410,1972,0.596620841108445,0.5487609745238,0.658173931423404,0.658133453265213
"566",1366,2016,0.578002885783075,0.561005134198773,0.658036518860176,0.658227444634425
"567",1346,2036,0.569540178816998,0.566570661323761,0.660105432699851,0.656857809789784
"568",1367,2015,0.578426021131379,0.560726857842523,0.658094784772495,0.658188011097767
"569",1398,1984,0.591543216928799,0.552100290798792,0.655846228488555,0.659773883930948
"570",1385,1997,0.586042457400849,0.555717883430034,0.657227216135018,0.658790545217326
"571",1341,2041,0.567424502075479,0.567962043105008,0.656464356686055,0.659258065080843
"572",1355,2027,0.573348396951733,0.564066174117516,0.658824521637638,0.657699647916626
"573",1368,2014,0.578849156479683,0.560448581486274,0.657270617195906,0.65874786932572
"574",1352,2030,0.572078990906821,0.564901003186264,0.659969601190828,0.656938676027586
"575",1319,2063,0.558115524412794,0.574084122942494,0.655991803153904,0.659530404646631
"576",1339,2043,0.566578231378871,0.568518595817506,0.660653454084391,0.656509759239843
"577",1331,2051,0.56319314859244,0.570744806667501,0.658688342488355,0.657801184443686
"578",1269,2113,0.536958756997601,0.587997940754964,0.660945398815603,0.656471699975864
"579",1361,2021,0.575887209041556,0.56239651598002,0.659866656409993,0.656994504587828
"580",1297,2085,0.548806546750109,0.580206202779981,0.655835978175019,0.65958999973765
"581",1357,2025,0.574194667648341,0.563509621405017,0.656084041645542,0.659534996855802
"582",1360,2022,0.575464073693252,0.562674792336269,0.657672909320588,0.658471442368942
"583",1390,1992,0.588158134142368,0.554326501648787,0.657342930530216,0.658713724753514
"584",1397,1985,0.591120081580495,0.552378567155042,0.660488025492484,0.656505109084635
"585",1318,2064,0.55769238906449,0.574362399298744,0.658022029247344,0.658232257072674
"586",1273,2109,0.538651298390816,0.586884835329966,0.659258446482325,0.657481465516358
"587",1385,1997,0.586042457400849,0.555717883430034,0.656439120850542,0.659337121065598
"588",1350,2032,0.571232720210214,0.565457555898763,0.65820449396,0.658114343651575
"589",1390,1992,0.588158134142368,0.554326501648787,0.659736258239568,0.657043681823795
"590",1396,1986,0.590696946232191,0.552656843511291,0.657444878770774,0.658646204623364
"591",1332,2050,0.563616283940744,0.570466530311252,0.657516438556306,0.658562203409268
"592",1318,2064,0.55769238906449,0.574362399298744,0.661811245396055,0.65581259288469
"593",1334,2048,0.564462554637352,0.569909977598753,0.659008793025487,0.657591153930664
"594",1282,2100,0.542459516525551,0.584380348123722,0.659671514613885,0.657221681624286
"595",1332,2050,0.563616283940744,0.570466530311252,0.658880774436186,0.657675717852195
"596",1352,2030,0.572078990906821,0.564901003186264,0.656527187454142,0.659231357491626
"597",1361,2021,0.575887209041556,0.56239651598002,0.658805042723733,0.657709426026225
"598",1356,2026,0.573771532300037,0.563787897761267,0.658030728101032,0.658230378006417
"599",1331,2051,0.56319314859244,0.570744806667501,0.656379832738543,0.659299295841541
"600",1331,2051,0.56319314859244,0.570744806667501,0.658147425065364,0.658152213741589
"601",1364,2018,0.577156615086468,0.561561686911272,0.657264024554252,0.658749397251734
"602",1341,2041,0.567424502075479,0.567962043105008,0.658233503014914,0.65809568133415
"603",1352,2030,0.572078990906821,0.564901003186264,0.657627523180473,0.658498523057143
"604",1378,2004,0.583080509962722,0.55766581792378,0.657533116923803,0.658574739533433
"605",1338,2044,0.566155096030567,0.568796872173756,0.654588022564275,0.660482210839041
"606",1336,2046,0.56530882533396,0.569353424886255,0.655460457291168,0.65990676549609
"607",1350,2032,0.571232720210214,0.565457555898763,0.658383121806667,0.65799566865502
"608",1380,2002,0.58392678065933,0.557109265211281,0.658730339075362,0.657750522088911
"609",1345,2037,0.569117043468694,0.56684893768001,0.655943998279554,0.659607135719195
"610",1333,2049,0.564039419289048,0.570188253955003,0.657021218870968,0.658884884524646
"611",1365,2017,0.577579750434771,0.561283410555022,0.657216813539194,0.658782083621715
"612",1342,2040,0.567847637423783,0.567683766748758,0.658048439052161,0.658217356832353
"613",1349,2033,0.57080958486191,0.565735832255012,0.65767427651149,0.658466214526316
"614",1379,2003,0.583503645311026,0.557387541567531,0.655492603819434,0.659980086110335
"615",1345,2037,0.569117043468694,0.56684893768001,0.659231295603718,0.657436583485027
"616",1308,2074,0.553461035581451,0.577145162861238,0.65575650724159,0.659660029736741
"617",1364,2018,0.577156615086468,0.561561686911272,0.657879138613636,0.658333631356293
"618",1339,2043,0.566578231378871,0.568518595817506,0.656234279526512,0.65940612474792
"619",1306,2076,0.552614764884844,0.577701715573736,0.659606153310107,0.657234478286609
"620",1342,2040,0.567847637423783,0.567683766748758,0.658644934002235,0.657824956723039
"621",1320,2062,0.558538659761098,0.573805846586245,0.657739366089394,0.658413409266731
"622",1337,2045,0.565731960682264,0.569075148530005,0.655562013680628,0.659842543205379
"623",1341,2041,0.567424502075479,0.567962043105008,0.654407952437733,0.660609186147477
"624",1350,2032,0.571232720210214,0.565457555898763,0.660497235762222,0.656591114599902
"625",1333,2049,0.564039419289048,0.570188253955003,0.658264761408102,0.658075883938019
"626",1293,2089,0.547114005356893,0.581319308204978,0.657474672383604,0.658568531236955
"627",1348,2034,0.570386449513606,0.566014108611262,0.660226957088279,0.656774078166667
"628",1333,2049,0.564039419289048,0.570188253955003,0.656837975247562,0.659004095725232
"629",1319,2063,0.558115524412794,0.574084122942494,0.658611409714177,0.657855532589918
"630",1287,2095,0.54457519326707,0.582988966342475,0.657742243261072,0.658401024376611
"631",1323,2059,0.559808065806009,0.572971017517497,0.657558950913832,0.658530316215153
"632",1373,2009,0.580964833221203,0.559057199705027,0.662324434804807,0.655297642687407
"633",1342,2040,0.567847637423783,0.567683766748758,0.658464619374069,0.657943575463726
"634",1361,2021,0.575887209041556,0.56239651598002,0.660602559462895,0.656498926134092
"635",1369,2013,0.579272291827987,0.560170305130025,0.657895471526662,0.658323652571287
"636",1416,1966,0.599159653198269,0.547091316386303,0.659527093894068,0.657158722376399
"637",1352,2030,0.572078990906821,0.564901003186264,0.657468051341716,0.658604732872906
"638",1363,2019,0.576733479738164,0.561839963267521,0.660523574520176,0.656548182800892
"639",1362,2020,0.57631034438986,0.56211823962377,0.656971807034508,0.658944956418317
"640",1339,2043,0.566578231378871,0.568518595817506,0.660442683011949,0.656647900437102
"641",1315,2067,0.556422983019578,0.575197228367492,0.658101917076806,0.658181128297049
"642",1352,2030,0.572078990906821,0.564901003186264,0.658504718839497,0.657914302105911
"643",1373,2009,0.580964833221203,0.559057199705027,0.65919668822287,0.657435221610752
"644",1387,1995,0.586888728097457,0.555161330717536,0.659269044560923,0.657372555558897
"645",1340,2042,0.567001366727175,0.568240319461257,0.661005065320149,0.656276995894711
"646",1308,2074,0.553461035581451,0.577145162861238,0.656816564080275,0.658991488586789
"647",1354,2028,0.572925261603429,0.564344450473766,0.658633929960118,0.657827451666667
"648",1319,2063,0.558115524412794,0.574084122942494,0.657760317674754,0.65839968692826
"649",1319,2063,0.558115524412794,0.574084122942494,0.658928024514784,0.65765310170189
"650",1339,2043,0.566578231378871,0.568518595817506,0.659571429396565,0.657218927647577
"651",1320,2062,0.558538659761098,0.573805846586245,0.655591007371212,0.659788692248303
"652",1335,2047,0.564885689985656,0.569631701242504,0.658267825525094,0.658073701060088
"653",1354,2028,0.572925261603429,0.564344450473766,0.65737837506647,0.658665726482249
"654",1329,2053,0.562346877895832,0.57130135938,0.661265854504891,0.656133508284949
"655",1336,2046,0.56530882533396,0.569353424886255,0.657927872406437,0.658295589252688
"656",1365,2017,0.577579750434771,0.561283410555022,0.656028271430037,0.659586426695092
"657",1360,2022,0.575464073693252,0.562674792336269,0.659714324106618,0.657098383956973
"658",1344,2038,0.56869390812039,0.567127214036259,0.658988885651786,0.657597326216879
"659",1343,2039,0.568270772772087,0.567405490392509,0.658829497147431,0.657702990915645
"660",1344,2038,0.56869390812039,0.567127214036259,0.65589087053497,0.659640374458783
"661",1323,2059,0.559808065806009,0.572971017517497,0.657932585993197,0.658290238891209
"662",1314,2068,0.555999847671275,0.575475504723741,0.655122999282344,0.660073883988878
"663",1391,1991,0.588581269490672,0.554048225292538,0.659257768650611,0.657376623281266
"664",1314,2068,0.555999847671275,0.575475504723741,0.656533518375951,0.659177645067698
"665",1355,2027,0.573348396951733,0.564066174117516,0.659144077620664,0.657486032545634
"666",1347,2035,0.569963314165302,0.566292384967511,0.658493035673348,0.657923486041278
"667",1326,2056,0.561077471850921,0.572136188448748,0.660795851245098,0.656444121787451
"668",1333,2049,0.564039419289048,0.570188253955003,0.661771232699925,0.65579470959346
"669",1319,2063,0.558115524412794,0.574084122942494,0.656580289895375,0.659154149672322
"670",1343,2039,0.568270772772087,0.567405490392509,0.658634395143708,0.657831496060814
"671",1333,2049,0.564039419289048,0.570188253955003,0.659676319944486,0.657157578653002
"672",1359,2023,0.575040938344948,0.562953068692519,0.657658058832965,0.658481023822046
"673",1364,2018,0.577156615086468,0.561561686911272,0.658475103412023,0.657930808767096
"674",1411,1971,0.597043976456749,0.54848269816755,0.658310045763288,0.658035991158803
"675",1331,2051,0.56319314859244,0.570744806667501,0.656079586693464,0.659494141032179
"676",1323,2059,0.559808065806009,0.572971017517497,0.658301303705215,0.658053321196697
"677",1281,2101,0.542036381177247,0.584658624479971,0.657671121950039,0.658442506391242
"678",1400,1982,0.592389487625407,0.551543738086293,0.661071544795714,0.656086907382442
"679",1392,1990,0.589004404838976,0.553769948936289,0.658299492282328,0.65804598989397
"680",1369,2013,0.579272291827987,0.560170305130025,0.659235548505478,0.657412293711873
"681",1320,2062,0.558538659761098,0.573805846586245,0.660117727740152,0.656890888714355
"682",1399,1983,0.591966352277103,0.551822014442543,0.660705600610436,0.656347593490671
"683",1362,2020,0.57631034438986,0.56211823962377,0.659869569890602,0.656991118294554
"684",1352,2030,0.572078990906821,0.564901003186264,0.659694395036982,0.657121966037438
"685",1364,2018,0.577156615086468,0.561561686911272,0.660733942972874,0.656404021274034
"686",1323,2059,0.559808065806009,0.572971017517497,0.657313715680272,0.65868789086984
"687",1375,2007,0.58181110391781,0.558500646992528,0.656817832523636,0.659063225424016
"688",1344,2038,0.56869390812039,0.567127214036259,0.65870842843378,0.657782279357704
"689",1358,2024,0.574617802996645,0.563231345048768,0.659440679032401,0.657284570662055
"690",1339,2043,0.566578231378871,0.568518595817506,0.657180164735624,0.658786183340676
"691",1342,2040,0.567847637423783,0.567683766748758,0.656458867798063,0.659263045373039
"692",1338,2044,0.566155096030567,0.568796872173756,0.658896962569507,0.657661583771037
"693",1321,2061,0.558961795109402,0.573527570229995,0.659360871080242,0.657374431076662
"694",1305,2077,0.55219162953654,0.577979991929986,0.657791638213793,0.658375698255657
"695",1355,2027,0.573348396951733,0.564066174117516,0.659027788975646,0.657563768665022
"696",1297,2085,0.548806546750109,0.580206202779981,0.659213843363146,0.657488756980336
"697",1370,2012,0.579695427176291,0.559892028773775,0.659850049416788,0.656992964932903
"698",1327,2055,0.561500607199225,0.571857912092499,0.656575242895252,0.659167428624817
"699",1375,2007,0.58181110391781,0.558500646992528,0.657978991260364,0.6582677130857
"700",1356,2026,0.573771532300037,0.563787897761267,0.656596775007375,0.659190121538006
"701",1361,2021,0.575887209041556,0.56239651598002,0.65573321308964,0.659778085171202
"702",1315,2067,0.556422983019578,0.575197228367492,0.659270140619772,0.657437918834543
"703",1341,2041,0.567424502075479,0.567962043105008,0.657572874562267,0.658529734619304
"704",1342,2040,0.567847637423783,0.567683766748758,0.65847628438152,0.657935901718627
"705",1331,2051,0.56319314859244,0.570744806667501,0.658051319578512,0.658214581563628
"706",1295,2087,0.547960276053501,0.58076275549248,0.655604013338996,0.659730338223287
"707",1343,2039,0.568270772772087,0.567405490392509,0.658450950240506,0.657952323184404
"708",1290,2092,0.545844599311982,0.582154137273727,0.66209607608062,0.655717244264818
"709",1376,2006,0.582234239266114,0.558222370636279,0.659073237046512,0.657517267681954
"710",1313,2069,0.555576712322971,0.575753781079991,0.656801162749429,0.659006518345094
"711",1356,2026,0.573771532300037,0.563787897761267,0.657442975337021,0.658623760409181
"712",1332,2050,0.563616283940744,0.570466530311252,0.656618761850601,0.659145474322439
"713",1264,2118,0.534843080256082,0.589389322536211,0.657828391218354,0.65834245828423
"714",1324,2058,0.560231201154313,0.572692741161247,0.657648050688066,0.65847346648931
"715",1394,1988,0.589850675535584,0.55321339622379,0.655426305939024,0.660060433937123
"716",1413,1969,0.597890247153357,0.547926145455051,0.657222297443029,0.658816306175216
"717",1338,2044,0.566155096030567,0.568796872173756,0.659375108606876,0.657348589936399
"718",1337,2045,0.565731960682264,0.569075148530005,0.659444847582648,0.657303986272861
"719",1338,2044,0.566155096030567,0.568796872173756,0.656005365310912,0.659554419941292
"720",1366,2016,0.578002885783075,0.561005134198773,0.65959262400366,0.657173059899306
"721",1320,2062,0.558538659761098,0.573805846586245,0.65937733102803,0.657364857511639
"722",1377,2005,0.582657374614418,0.55794409428003,0.657789538915033,0.658398113745636
"723",1320,2062,0.558538659761098,0.573805846586245,0.654957020305303,0.66019454235839
"724",1377,2005,0.582657374614418,0.55794409428003,0.661530525636892,0.655828867503242
"725",1373,2009,0.580964833221203,0.559057199705027,0.657633544337218,0.658503512578895
"726",1338,2044,0.566155096030567,0.568796872173756,0.657209816264574,0.658765987761252
"727",1347,2035,0.569963314165302,0.566292384967511,0.656133155702301,0.65948552944226
"728",1376,2006,0.582234239266114,0.558222370636279,0.658699098030523,0.657773905411765
"729",1352,2030,0.572078990906821,0.564901003186264,0.658417422268491,0.657972442482266
"730",1333,2049,0.564039419289048,0.570188253955003,0.658893843183796,0.657666627712055
"731",1351,2031,0.571655855558518,0.565179279542514,0.658246103859363,0.658086620793698
"732",1354,2028,0.572925261603429,0.564344450473766,0.656760436299114,0.659078295067554
"733",1341,2041,0.567424502075479,0.567962043105008,0.655396403246831,0.659959743455169
"734",1350,2032,0.571232720210214,0.565457555898763,0.658651299399259,0.657817499486713
"735",1340,2042,0.567001366727175,0.568240319461257,0.658959891460448,0.657619078642997
"736",1345,2037,0.569117043468694,0.56684893768001,0.661862296329368,0.655699373874816
"737",1324,2058,0.560231201154313,0.572692741161247,0.656745978685801,0.659053808243926
"738",1307,2075,0.553037900233148,0.577423439217487,0.658098853260138,0.658182752739759
"739",1322,2060,0.559384930457706,0.573249293873746,0.658407673331316,0.657985179127184
"740",1372,2010,0.580541697872899,0.559335476061276,0.656797833104227,0.659073525436318
"741",1335,2047,0.564885689985656,0.569631701242504,0.658373910616479,0.658004515130923
"742",1348,2034,0.570386449513606,0.566014108611262,0.659323812968843,0.657372622057031
"743",1346,2036,0.569540178816998,0.566570661323761,0.658175261618128,0.65813384627112
"744",1381,2001,0.584349916007633,0.556830988855032,0.655773770979725,0.659790522450275
"745",1315,2067,0.556422983019578,0.575197228367492,0.655678459901901,0.659722901971456
"746",1336,2046,0.56530882533396,0.569353424886255,0.658565686434132,0.657879108538612
"747",1385,1997,0.586042457400849,0.555717883430034,0.658635141690253,0.657814092090636
"748",1350,2032,0.571232720210214,0.565457555898763,0.657680569637778,0.658462423294783
"749",1317,2065,0.557269253716186,0.574640675654993,0.65925095349962,0.657448381301211
"750",1391,1991,0.588581269490672,0.554048225292538,0.660659183108555,0.6563975336223
"751",1382,2000,0.584773051355937,0.556552712498783,0.661353957447178,0.655936621977
"752",1326,2056,0.561077471850921,0.572136188448748,0.657280505904223,0.658711314356518
"753",1351,2031,0.571655855558518,0.565179279542514,0.65618586115248,0.659457072737075
"754",1336,2046,0.56530882533396,0.569353424886255,0.65749427852021,0.658578718007331
"755",1364,2018,0.577156615086468,0.561561686911272,0.659104519539589,0.657505375864222
"756",1331,2051,0.56319314859244,0.570744806667501,0.659248970805409,0.657437363726962
"757",1373,2009,0.580964833221203,0.559057199705027,0.656976480613984,0.658952566084121
"758",1366,2016,0.578002885783075,0.561005134198773,0.655926772243777,0.659656965407242
"759",1384,1998,0.585619322052545,0.555996159786284,0.658494692374277,0.657911791241241
"760",1345,2037,0.569117043468694,0.56684893768001,0.657889188031227,0.658322756624448
"761",1367,2015,0.578426021131379,0.560726857842523,0.656529927542063,0.65924962888139
"762",1407,1975,0.595351435063534,0.549595803592548,0.657521194251599,0.658598528017215
"763",1330,2052,0.562770013244136,0.571023083023751,0.657867827233835,0.658333432224659
"764",1315,2067,0.556422983019578,0.575197228367492,0.658662894851711,0.65782424113014
"765",1355,2027,0.573348396951733,0.564066174117516,0.658491745215498,0.657922100828318
"766",1356,2026,0.573771532300037,0.563787897761267,0.657852280103982,0.6583498130923
"767",1357,2025,0.574194667648341,0.563509621405017,0.661259135170228,0.656067045293827
"768",1322,2060,0.559384930457706,0.573249293873746,0.654809074128593,0.660294571431068
"769",1328,2054,0.561923742547529,0.57157963573625,0.65784388349247,0.658348459526777
"770",1369,2013,0.579272291827987,0.560170305130025,0.656596230971512,0.659207239416791
"771",1353,2029,0.572502126255125,0.564622726830015,0.659579338033998,0.65719742177723
"772",1317,2065,0.557269253716186,0.574640675654993,0.660572931757783,0.656605260058596
"773",1371,2011,0.580118562524595,0.559613752417526,0.659778068842451,0.657040616988066
"774",1385,1997,0.586042457400849,0.555717883430034,0.660629908690975,0.656430640765648
"775",1316,2066,0.556846118367882,0.574918952011242,0.657708421090425,0.658431815581317
"776",1347,2035,0.569963314165302,0.566292384967511,0.658273800240535,0.658068601583292
"777",1288,2094,0.544998328615374,0.582710689986225,0.656309740982919,0.659282457860554
"778",1312,2070,0.555153576974667,0.57603205743624,0.659677828485518,0.657182174962802
"779",1340,2042,0.567001366727175,0.568240319461257,0.658937757268657,0.657633603528893
"780",1313,2069,0.555576712322971,0.575753781079991,0.657627136261234,0.658482350524408
"781",1334,2048,0.564462554637352,0.569909977598753,0.656965709061469,0.658921951786133
"782",1347,2035,0.569963314165302,0.566292384967511,0.659203904536006,0.657452950238821
"783",1348,2034,0.570386449513606,0.566014108611262,0.658409768906528,0.657978389705015
"784",1357,2025,0.574194667648341,0.563509621405017,0.656908672881356,0.658982392121481
"785",1366,2016,0.578002885783075,0.561005134198773,0.657907377536603,0.658314948130456
"786",1367,2015,0.578426021131379,0.560726857842523,0.655872261471836,0.659695797376675
"787",1341,2041,0.567424502075479,0.567962043105008,0.657230684035048,0.658754564358158
"788",1298,2084,0.549229682098413,0.579927926423731,0.658049368070878,0.658213211799424
"789",1300,2082,0.550075952795021,0.579371373711233,0.654501145340769,0.660428878099424
"790",1342,2040,0.567847637423783,0.567683766748758,0.655830765356185,0.659676238253922
"791",1352,2030,0.572078990906821,0.564901003186264,0.658283441053994,0.658061675291133
"792",1312,2070,0.555153576974667,0.57603205743624,0.658090469300305,0.658188269286957
"793",1347,2035,0.569963314165302,0.566292384967511,0.659662555818857,0.657149361404423
"794",1323,2059,0.559808065806009,0.572971017517497,0.6581474533613,0.658152176954347
"795",1283,2099,0.542882651873855,0.584102071767472,0.66046353097272,0.656736399670319
"796",1314,2068,0.555999847671275,0.575475504723741,0.656398943420852,0.659263153525629
"797",1297,2085,0.548806546750109,0.580206202779981,0.654942026959907,0.660146093131415
"798",1320,2062,0.558538659761098,0.573805846586245,0.656437836060606,0.659246590468477
"799",1358,2024,0.574617802996645,0.563231345048768,0.65965302684757,0.657142096189229
"800",1348,2034,0.570386449513606,0.566014108611262,0.656029575168398,0.659555823903146
"801",1332,2050,0.563616283940744,0.570466530311252,0.658660719879129,0.657818699642439
"802",1307,2075,0.553037900233148,0.577423439217487,0.659312607348891,0.657418233899277
"803",1308,2074,0.553461035581451,0.577145162861238,0.657028882367737,0.658857586793153
"804",1360,2022,0.575464073693252,0.562674792336269,0.656191176741912,0.659468057753215
"805",1372,2010,0.580541697872899,0.559335476061276,0.659784301650146,0.657035000637811
"806",1301,2081,0.550499088143324,0.579093097354983,0.657196493179093,0.658746648495915
"807",1358,2024,0.574617802996645,0.563231345048768,0.659381676765832,0.657324158151186
"808",1314,2068,0.555999847671275,0.575475504723741,0.658555614575343,0.657892812182785
"809",1316,2066,0.556846118367882,0.574918952011242,0.658418922632979,0.657979240542594
"810",1326,2056,0.561077471850921,0.572136188448748,0.663430682031674,0.654744809714008
"811",1335,2047,0.564885689985656,0.569631701242504,0.660019150380524,0.656931532676111
"812",1361,2021,0.575887209041556,0.56239651598002,0.65790089343277,0.658318306375062
"813",1406,1976,0.59492829971523,0.549874079948797,0.659698750229018,0.657048567977733
"814",1314,2068,0.555999847671275,0.575475504723741,0.658937805259513,0.657649969552708
"815",1347,2035,0.569963314165302,0.566292384967511,0.660102469749072,0.656858175132187
"816",1363,2019,0.576733479738164,0.561839963267521,0.659104906684519,0.657505906555225
"817",1344,2038,0.56869390812039,0.567127214036259,0.655568450145833,0.659853001054956
"818",1416,1966,0.599159653198269,0.547091316386303,0.656480545942797,0.659352980717701
"819",1332,2050,0.563616283940744,0.570466530311252,0.660544527945195,0.656594683864878
"820",1364,2018,0.577156615086468,0.561561686911272,0.658774206723607,0.657728639829039
"821",1342,2040,0.567847637423783,0.567683766748758,0.655936356792846,0.659606775651961
"822",1298,2084,0.549229682098413,0.579927926423731,0.659485110976117,0.657318972696257
"823",1338,2044,0.566155096030567,0.568796872173756,0.654581059300448,0.660486768983366
"824",1351,2031,0.571655855558518,0.565179279542514,0.660465404357513,0.656610365267848
"825",1347,2035,0.569963314165302,0.566292384967511,0.660704352215293,0.656459779219656
"826",1335,2047,0.564885689985656,0.569631701242504,0.659507142880899,0.65726545061065
"827",1399,1983,0.591966352277103,0.551822014442543,0.656459446026447,0.659343241631367
"828",1347,2035,0.569963314165302,0.566292384967511,0.657937179449889,0.658291416426044
"829",1382,2000,0.584773051355937,0.556552712498783,0.657906846274964,0.658318575797
"830",1304,2078,0.551768494188236,0.578258268286235,0.657626563155675,0.658479006155438
"831",1267,2115,0.536112486300993,0.588554493467463,0.656370861316496,0.659216327119622
"832",1315,2067,0.556422983019578,0.575197228367492,0.658669913675285,0.657819775840832
"833",1377,2005,0.582657374614418,0.55794409428003,0.65421023058533,0.660856322009975
"834",1339,2043,0.566578231378871,0.568518595817506,0.659012995381628,0.657584930166422
"835",1356,2026,0.573771532300037,0.563787897761267,0.659253806957227,0.65741177241461
"836",1361,2021,0.575887209041556,0.56239651598002,0.656758216609111,0.659087818080653
"837",1366,2016,0.578002885783075,0.561005134198773,0.660533083448755,0.656535823985615
"838",1337,2045,0.565731960682264,0.569075148530005,0.655438914439043,0.659923024225428
"839",1290,2092,0.545844599311982,0.582154137273727,0.661000648505426,0.656392723027725
"840",1362,2020,0.57631034438986,0.56211823962377,0.658165704469163,0.658139962207426
"841",1366,2016,0.578002885783075,0.561005134198773,0.660843776105417,0.656325305052579
"842",1348,2034,0.570386449513606,0.566014108611262,0.65756911671365,0.658535518100295
"843",1302,2080,0.550922223491628,0.578814820998734,0.660616958036866,0.656606314318269
"844",1344,2038,0.56869390812039,0.567127214036259,0.657011894896577,0.658901092446025
"845",1343,2039,0.568270772772087,0.567405490392509,0.658833017201787,0.657700672410005
"846",1328,2054,0.561923742547529,0.57157963573625,0.658252345198795,0.658084371334956
"847",1344,2038,0.56869390812039,0.567127214036259,0.657741431989583,0.658419984569185
"848",1361,2021,0.575887209041556,0.56239651598002,0.658438560492285,0.657956225787234
"849",1346,2036,0.569540178816998,0.566570661323761,0.65709666671471,0.658846905573674
"850",1307,2075,0.553037900233148,0.577423439217487,0.658403768227238,0.657990693047229
"851",1329,2053,0.562346877895832,0.57130135938,0.656559117429646,0.659180392636142
"852",1355,2027,0.573348396951733,0.564066174117516,0.659893290161624,0.656985202258017
"853",1371,2011,0.580118562524595,0.559613752417526,0.65710825908388,0.658860760786673
"854",1311,2071,0.554730441626363,0.576310333792489,0.656527103861175,0.659177875414775
"855",1378,2004,0.583080509962722,0.55766581792378,0.657241410775762,0.658775323900699
"856",1353,2029,0.572502126255125,0.564622726830015,0.655394520502587,0.659987987632331
"857",1340,2042,0.567001366727175,0.568240319461257,0.658226440606716,0.658100383316846
"858",1338,2044,0.566155096030567,0.568796872173756,0.65763441314574,0.658488047141389
"859",1326,2056,0.561077471850921,0.572136188448748,0.658683783674208,0.657806282098249
"860",1361,2021,0.575887209041556,0.56239651598002,0.658955393878031,0.657608175199406
"861",1376,2006,0.582234239266114,0.558222370636279,0.659935361130087,0.656925900414257
"862",1331,2051,0.56319314859244,0.570744806667501,0.657538765805409,0.658547204221843
"863",1337,2045,0.565731960682264,0.569075148530005,0.65606389868736,0.659514415941809
"864",1330,2052,0.562770013244136,0.571023083023751,0.656483547818045,0.659230650364522
"865",1381,2001,0.584349916007633,0.556830988855032,0.6587719014084,0.657721347976512
"866",1364,2018,0.577156615086468,0.561561686911272,0.660033147461144,0.656877700698216
"867",1358,2024,0.574617802996645,0.563231345048768,0.656973505314433,0.65893991745504
"868",1385,1997,0.586042457400849,0.555717883430034,0.659651664220939,0.657109092739109
"869",1418,1964,0.600005923894876,0.546534763673804,0.65916719312976,0.657416157478615
"870",1331,2051,0.56319314859244,0.570744806667501,0.657849770010518,0.658345377504632
"871",1317,2065,0.557269253716186,0.574640675654993,0.656569267886864,0.659158686362712
"872",1354,2028,0.572925261603429,0.564344450473766,0.658783908488922,0.657727318072978
"873",1281,2101,0.542036381177247,0.584658624479971,0.660657925857143,0.656621423190386
"874",1305,2077,0.55219162953654,0.577979991929986,0.659116977331801,0.657542974351468
"875",1288,2094,0.544998328615374,0.582710689986225,0.66068179797205,0.656593246111748
"876",1361,2021,0.575887209041556,0.56239651598002,0.656257277955915,0.659425164694706
"877",1344,2038,0.56869390812039,0.567127214036259,0.657056493677083,0.658871680885182
"878",1293,2089,0.547114005356893,0.581319308204978,0.657129746830626,0.65878202512877
"879",1371,2011,0.580118562524595,0.559613752417526,0.659546884905908,0.657198226723023
"880",1308,2074,0.553461035581451,0.577145162861238,0.660367616769113,0.656751962590164
"881",1323,2059,0.559808065806009,0.572971017517497,0.65647951548904,0.659223901968917
"882",1369,2013,0.579272291827987,0.560170305130025,0.660975252677867,0.656229156597119
"883",1318,2064,0.55769238906449,0.574362399298744,0.661506700701062,0.656007064739341
"884",1321,2061,0.558961795109402,0.573527570229995,0.653230599706283,0.661303634611354
"885",1364,2018,0.577156615086468,0.561561686911272,0.659720713659824,0.657088879937562
"886",1321,2061,0.558961795109402,0.573527570229995,0.658361609744133,0.658014908623969
"887",1364,2018,0.577156615086468,0.561561686911272,0.657655342365836,0.658484898988603
"888",1296,2086,0.548383411401805,0.58048447913623,0.656182396075617,0.659372975950144
"889",1354,2028,0.572925261603429,0.564344450473766,0.657805342084195,0.658380660731755
"890",1404,1978,0.594082029018622,0.550430632661296,0.657935710982194,0.658302666798281
"891",1295,2087,0.547960276053501,0.58076275549248,0.657664996360618,0.658451481964063
"892",1322,2060,0.559384930457706,0.573249293873746,0.656018565390318,0.659518383349515
"893",1354,2028,0.572925261603429,0.564344450473766,0.659358709895126,0.657343550270217
"894",1330,2052,0.562770013244136,0.571023083023751,0.657184625467669,0.658776248184211
"895",1302,2080,0.550922223491628,0.578814820998734,0.655278532994624,0.659947963070673
"896",1322,2060,0.559384930457706,0.573249293873746,0.657793373954614,0.658379404261165
"897",1359,2023,0.575040938344948,0.562953068692519,0.658058177701987,0.658212234131982
"898",1359,2023,0.575040938344948,0.562953068692519,0.65676758550184,0.659079221180919
"899",1348,2034,0.570386449513606,0.566014108611262,0.656120849788576,0.659495333151917
"900",1324,2058,0.560231201154313,0.572692741161247,0.659449700200151,0.657314387794461
"901",1309,2073,0.553884170929755,0.576866886504988,0.65826223442628,0.658079666320309
"902",1343,2039,0.568270772772087,0.567405490392509,0.658827974930007,0.657703993533595
"903",1327,2055,0.561500607199225,0.571857912092499,0.658620166437076,0.657846935418005
"904",1390,1992,0.588158134142368,0.554326501648787,0.657742055589209,0.658435218813755
"905",1362,2020,0.57631034438986,0.56211823962377,0.656505258406021,0.659259530295545
"906",1337,2045,0.565731960682264,0.569075148530005,0.659273434921466,0.657416054110513
"907",1362,2020,0.57631034438986,0.56211823962377,0.656701566771659,0.659127167922277
"908",1339,2043,0.566578231378871,0.568518595817506,0.65589693592233,0.659627222685267
"909",1353,2029,0.572502126255125,0.564622726830015,0.660225252459719,0.656766706046328
"910",1298,2084,0.549229682098413,0.579927926423731,0.658148224473806,0.658151640009117
"911",1287,2095,0.54457519326707,0.582988966342475,0.65737386786791,0.658627324677804
"912",1350,2032,0.571232720210214,0.565457555898763,0.658869316815556,0.657672655238681
"913",1356,2026,0.573771532300037,0.563787897761267,0.657774040420354,0.65840217884304
"914",1320,2062,0.558538659761098,0.573805846586245,0.657872057618939,0.658328466095538
"915",1312,2070,0.555153576974667,0.57603205743624,0.657248298391768,0.658722051041546
"916",1342,2040,0.567847637423783,0.567683766748758,0.656979588011922,0.658920493153922
"917",1407,1975,0.595351435063534,0.549595803592548,0.655910251114428,0.65974617206481
"918",1321,2061,0.558961795109402,0.573527570229995,0.657461652823618,0.658591736907327
"919",1330,2052,0.562770013244136,0.571023083023751,0.659437510821804,0.657316044713938
"920",1374,2008,0.581387968569506,0.558778923348778,0.658391703690684,0.657985165475598
"921",1331,2051,0.56319314859244,0.570744806667501,0.656327113926371,0.659333507805948
"922",1343,2039,0.568270772772087,0.567405490392509,0.657868192390916,0.658336160257479
"923",1290,2092,0.545844599311982,0.582154137273727,0.65569185843876,0.659666307724665
"924",1324,2058,0.560231201154313,0.572692741161247,0.660075483170695,0.65691179466861
"925",1319,2063,0.558115524412794,0.574084122942494,0.65568913470887,0.659723918790596
"926",1336,2046,0.56530882533396,0.569353424886255,0.658706496972305,0.657787161872434
"927",1355,2027,0.573348396951733,0.564066174117516,0.657936293889299,0.65829340647558
"928",1368,2014,0.578849156479683,0.560448581486274,0.655651687097222,0.659847519958788
"929",1329,2053,0.562346877895832,0.57130135938,0.659215102781038,0.657461052873843
"930",1340,2042,0.567001366727175,0.568240319461257,0.658250337127612,0.658084701956415
"931",1318,2064,0.55769238906449,0.574362399298744,0.657803662162367,0.658371698844961
"932",1314,2068,0.555999847671275,0.575475504723741,0.661267890427702,0.656169441549323
"933",1341,2041,0.567424502075479,0.567962043105008,0.659338482189411,0.657369675908868
"934",1415,1967,0.598736517849965,0.547369592742553,0.661173197886926,0.655975769260803
"935",1301,2081,0.550499088143324,0.579093097354983,0.656561670540354,0.659143527041326
"936",1286,2096,0.544152057918767,0.583267242698724,0.655900709446345,0.659530582441794
"937",1347,2035,0.569963314165302,0.566292384967511,0.658785844346696,0.657729671160197
"938",1316,2066,0.556846118367882,0.574918952011242,0.65711788306459,0.658807976298645
"939",1374,2008,0.581387968569506,0.558778923348778,0.659887880275109,0.6569613872749
"940",1342,2040,0.567847637423783,0.567683766748758,0.659499060658718,0.657263075363726
"941",1323,2059,0.559808065806009,0.572971017517497,0.657513580039305,0.658559469040311
"942",1350,2032,0.571232720210214,0.565457555898763,0.658646891172593,0.65782042818061
"943",1306,2076,0.552614764884844,0.577701715573736,0.65860677275804,0.657863183007707
"944",1357,2025,0.574194667648341,0.563509621405017,0.655653401473102,0.65982357893679
"945",1316,2066,0.556846118367882,0.574918952011242,0.657604638620061,0.658497922905131
"946",1380,2002,0.58392678065933,0.557109265211281,0.658026966825362,0.658235364099401
"947",1353,2029,0.572502126255125,0.564622726830015,0.659004699775314,0.657580608353869
"948",1273,2109,0.538651298390816,0.586884835329966,0.66083697974784,0.656528657148886
"949",1339,2043,0.566578231378871,0.568518595817506,0.66049005621882,0.656616851624572
"950",1398,1984,0.591543216928799,0.552100290798792,0.658416445975679,0.657962813342742
"951",1389,1993,0.587734998794064,0.554604778005037,0.657853999179266,0.658356853128951
"952",1330,2052,0.562770013244136,0.571023083023751,0.656667459283459,0.659111448488791
"953",1336,2046,0.56530882533396,0.569353424886255,0.657193913121258,0.658774851034213
"954",1315,2067,0.556422983019578,0.575197228367492,0.659934518392395,0.6570152498597
"955",1314,2068,0.555999847671275,0.575475504723741,0.656789274119483,0.659015138758704
"956",1354,2028,0.572925261603429,0.564344450473766,0.659289747688331,0.657389593084813
"957",1312,2070,0.555153576974667,0.57603205743624,0.659513559515244,0.657286291334299
"958",1308,2074,0.553461035581451,0.577145162861238,0.656429731062691,0.659235450779171
"959",1301,2081,0.550499088143324,0.579093097354983,0.658052609223674,0.658211421694378
"960",1338,2044,0.566155096030567,0.568796872173756,0.654535188213752,0.660516796142857
"961",1307,2075,0.553037900233148,0.577423439217487,0.658395326399388,0.657996010381687
"962",1329,2053,0.562346877895832,0.57130135938,0.658550652613243,0.657891181599123
"963",1384,1998,0.585619322052545,0.555996159786284,0.655868636833815,0.659730840724725
"964",1344,2038,0.56869390812039,0.567127214036259,0.657905163827381,0.658312008322866
"965",1321,2061,0.558961795109402,0.573527570229995,0.659188340858441,0.657485014493935
"966",1325,2057,0.560654336502617,0.572414464804998,0.659615303052075,0.65720667797861
"967",1363,2019,0.576733479738164,0.561839963267521,0.65969975987234,0.657104329093611
"968",1340,2042,0.567001366727175,0.568240319461257,0.655859704617164,0.659653481370715
"969",1283,2099,0.542882651873855,0.584102071767472,0.656569578880748,0.659116552378275
"970",1354,2028,0.572925261603429,0.564344450473766,0.654814286798375,0.660377647347633
"971",1354,2028,0.572925261603429,0.564344450473766,0.657858440227474,0.658345209604536
"972",1382,2000,0.584773051355937,0.556552712498783,0.65877198087699,0.657720767787
"973",1313,2069,0.555576712322971,0.575753781079991,0.657038626356436,0.658855822493958
"974",1322,2060,0.559384930457706,0.573249293873746,0.657518635833585,0.658555716783495
"975",1339,2043,0.566578231378871,0.568518595817506,0.66088813261165,0.656355948888399
"976",1358,2024,0.574617802996645,0.563231345048768,0.658141749564801,0.658156085591403
"977",1338,2044,0.566155096030567,0.568796872173756,0.65653568953139,0.659207270329256
"978",1379,2003,0.583503645311026,0.557387541567531,0.657762191583756,0.658417549152272
"979",1363,2019,0.576733479738164,0.561839963267521,0.65654414561482,0.659234642235265
"980",1358,2024,0.574617802996645,0.563231345048768,0.658235509684831,0.658093177368577
"981",1369,2013,0.579272291827987,0.560170305130025,0.654825448191381,0.660411512455042
"982",1365,2017,0.577579750434771,0.561283410555022,0.658199826834432,0.658116831689142
"983",1359,2023,0.575040938344948,0.562953068692519,0.661345499055188,0.656003895170539
"984",1414,1968,0.598313382501661,0.547647869098802,0.657754193857143,0.658434950727642
"985",1308,2074,0.553461035581451,0.577145162861238,0.658513055923547,0.657921569912247
"986",1342,2040,0.567847637423783,0.567683766748758,0.659247171819672,0.657428778707843
"987",1331,2051,0.56319314859244,0.570744806667501,0.657886466368896,0.658321563339347
"988",1359,2023,0.575040938344948,0.562953068692519,0.656590061509934,0.659198477288186
"989",1364,2018,0.577156615086468,0.561561686911272,0.654635395744135,0.660526131492071
"990",1389,1993,0.587734998794064,0.554604778005037,0.658425288815695,0.657958698936779
"991",1319,2063,0.558115524412794,0.574084122942494,0.656866640332828,0.658971068612215
"992",1316,2066,0.556846118367882,0.574918952011242,0.655876254407295,0.659598868512101
"993",1366,2016,0.578002885783075,0.561005134198773,0.658439268983163,0.657954549461806
"994",1302,2080,0.550922223491628,0.578814820998734,0.658591444954685,0.657874207603365
"995",1336,2046,0.56530882533396,0.569353424886255,0.659689055011228,0.657145569721896
"996",1389,1993,0.587734998794064,0.554604778005037,0.65756650737869,0.658557217459609
"997",1367,2015,0.578426021131379,0.560726857842523,0.658500652535479,0.657912665573201
"998",1319,2063,0.558115524412794,0.574084122942494,0.655616844653525,0.659770138171595
"999",1332,2050,0.563616283940744,0.570466530311252,0.660891691644144,0.656369112134634
"1000",1361,2021,0.575887209041556,0.56239651598002,0.660748350919912,0.656400745939634
